link,text,state,sender,date
https://www.whatdotheyknow.com/request/did_those_working_in_local_labou_3#incoming-1406491,"Did those working in local labour authorities do the ignoring & cover-up's & get TWAFA trade union workers, onto the streets in attempts to silence protesters","
Information not held
",John Rodgers,2019-07-29 16:51:11
https://www.whatdotheyknow.com/request/do_threats_to_health_justify_ref_2,Do threats to health justify refusals of planning permissions - ??,"
Awaiting response
",EM Agnew,2019-07-31 16:17:44
https://www.whatdotheyknow.com/request/guidance_for_local_authorities_o#incoming-1396660,Guidance for Local Authorities on Councillors contact with the public,"
Successful
",Derrick Chester,2019-07-11 11:21:39
https://www.whatdotheyknow.com/request/epc_certificates_for_london_boro#incoming-1406855,EPC certificates for London Boroughs from December 2016 to July 2018,"
Awaiting classification
",Jon Knowles,2019-07-30 11:48:52
https://www.whatdotheyknow.com/request/fire_door_fire_heat_alarm_in_low,Fire door & fire - heat alarm in Low in height Council Block build between 1970-80,"
Awaiting response
",Sanjay Amin,2019-07-30 03:55:09
https://www.whatdotheyknow.com/request/pensions_release#incoming-1400678,Pensions Release,"
Refused
",Sean Brawley,2019-07-18 16:11:37
https://www.whatdotheyknow.com/request/golders_green_visit#incoming-1405635,Golders Green visit,"
Awaiting response
",G Webber,2019-07-26 16:06:56
https://www.whatdotheyknow.com/request/local_government_act_1999#incoming-1405481,Local Government Act 1999,"
Awaiting classification
",l. Tug,2019-07-26 13:52:18
https://www.whatdotheyknow.com/request/foi_contact_details_for_all_loca#incoming-1404563,FOI Contact Details for All Local Councils,"
Awaiting classification
",James Smith,2019-07-25 10:10:27
https://www.whatdotheyknow.com/request/sudden_departure_of_the_chief_ex#incoming-1404030,Sudden departure of the Chief Executive of Sandwell Metropolitan Borough Council,"
Awaiting classification
",[Name Removed] (Account suspended),2019-07-24 13:09:29
https://www.whatdotheyknow.com/request/definition_of_the_word_forestry#incoming-1402524,Definition Of the word 'Forestry' and 'Reasonably ' in Planning Terms,"
Awaiting classification
",jay,2019-07-22 16:42:36
https://www.whatdotheyknow.com/request/requests_for_statutory_overrides#incoming-1320499,Requests for 'Statutory Overrides' to Fudge the Impact of Derivatives on Council Reserves,"
Partially successful
",Joel M Benjamin,2019-02-28 12:55:54
https://www.whatdotheyknow.com/request/misfeasance_in_public_office_5#comment-88779,Misfeasance in Public Office,"
Information not held
",A Wilkinson,2019-07-21 05:55:35
https://www.whatdotheyknow.com/request/subscriptions_to_publications_by_15#incoming-1400895,"Subscriptions to publications by name, number of issues, and cost","
Awaiting response
",Lucky Dube,2019-07-19 08:28:55
https://www.whatdotheyknow.com/request/register_our_marriage_campaign#outgoing-921139,Register Our Marriage campaign,"
Long overdue
",Vishal Vora,2019-07-18 15:39:09
https://www.whatdotheyknow.com/request/advice_circulars_communications#incoming-1399967,Advice /circulars/ communications with Building control on interpretation of ADB 12.7,"
Awaiting classification
",Emily Ketchin,2019-07-18 10:13:38
https://www.whatdotheyknow.com/request/chapel_en_le_frith_allotments#incoming-1399669,Chapel-en-le-Frith allotments,"
Delayed
",Nigel Wetters Gourlay,2019-07-17 16:39:18
https://www.whatdotheyknow.com/request/notes_of_telephone_conversations#incoming-1399692,"Notes of telephone conversations 're refused call-in request for 'Land South of Priory Road, Hungerford' ( aka as Land East of Salisbury Road)","
Awaiting classification
",J A Giggins,2019-07-17 17:11:02
https://www.whatdotheyknow.com/request/refused_call_in_request_160361ou#comment-88721,Refused call-in request 16/0361/OUTMAJ,"
Partially successful
",J A Giggins,2019-07-16 15:53:29
https://www.whatdotheyknow.com/request/guidance_on_sprinklers#incoming-1398788,Guidance on Sprinklers,"
Awaiting response
",Sean Brawley,2019-07-16 12:42:57
https://www.whatdotheyknow.com/request/psl_schemes#incoming-1000437,PSL Schemes,"
Information not held
",DMS Ltd,2017-07-03 15:06:16
https://www.whatdotheyknow.com/request/information_regarding_forestry_b#incoming-1397098,Information Regarding Forestry Buildings Appeals,"
Information not held
",jay,2019-07-12 08:21:30
https://www.whatdotheyknow.com/request/private_parking_companies_planni#incoming-1390478,Private Parking Companies Planning Violations,"
Information not held
",Chris R,2019-07-01 12:12:50
https://www.whatdotheyknow.com/request/office_to_residential_conversion_2#incoming-1394569,Office to residential conversions,"
Awaiting classification
",Steven Lees,2019-07-08 16:14:17
https://www.whatdotheyknow.com/request/current_acreage_of_private_garde#incoming-1387653,Current acreage of private gardens,"
Successful
",Jonathan Sheppard,2019-06-24 17:07:57
https://www.whatdotheyknow.com/request/help_to_buy_scheme#incoming-1392149,Help to buy scheme,"
Refused
",keith lisle,2019-07-03 17:42:31
https://www.whatdotheyknow.com/request/midlands_vrtb_pilot_applicants#incoming-1392148,Midlands VRTB pilot applicants,"
Successful
",keith lisle,2019-07-03 17:38:30
https://www.whatdotheyknow.com/request/re_takhar_versus_gracefield_deve#incoming-1390379,RE:- Takhar Versus Gracefield Developments Ltd and Others Supreme Court Judgment and Misfeasance in Public Office Planning Inspectorate,"
Delayed
",Ismail Abdulhai Bhamjee,2019-07-01 10:49:27
https://www.whatdotheyknow.com/request/mal_administration_by_local_coun#incoming-1053507,Mal administration by local council dept,"
Waiting clarification
",Saf Din,2017-10-13 17:10:41
https://www.whatdotheyknow.com/request/details_of_a_public_request_to_o#incoming-1390708,Details of a Public Request to Order Disposal - London Borough of Newham,"
Awaiting classification
",L Cadman,2019-07-01 15:50:49
https://www.whatdotheyknow.com/request/minutes_of_meetings_between_your#incoming-1378830,Minutes of meetings between your Ministry and the UKHMF,"
Refused
",Damien Anderson,2019-06-06 17:08:49
https://www.whatdotheyknow.com/request/lep_and_city_mayor_funding#incoming-1388196,LEP and City Mayor funding,"
Awaiting classification
",W.I.Nomad,2019-06-25 15:55:14
https://www.whatdotheyknow.com/request/number_of_households_without_a_g#incoming-1387651,Number of households without a garden,"
Successful
",Jonathan Sheppard,2019-06-24 17:06:57
https://www.whatdotheyknow.com/request/expense_claims_by_staff_working#incoming-1384288,Expense claims by staff working on Grenfell Tower Inquiry,"
Successful
",Julie Williams,2019-06-17 17:23:11
https://www.whatdotheyknow.com/request/documentation_on_fire_control_ce#incoming-1385621,Documentation on Fire Control Centre Cambridge,"
Awaiting classification
",E K Whitton,2019-06-19 15:43:04
https://www.whatdotheyknow.com/request/govenment_funds_to_rplace_grenfe#incoming-1384244,Govenment funds to rplace Grenfell Tower type cladding,"
Awaiting classification
",james morris,2019-06-17 16:27:07
https://www.whatdotheyknow.com/request/large_panel_systems_investigatio#incoming-1384202,Large Panel Systems investigations,"
Awaiting classification
",Danielle Gregory,2019-06-17 15:52:06
https://www.whatdotheyknow.com/request/uk_council_office_contact_inform#incoming-1328295,UK Council Office Contact Information,"
Information not held
",Victoria Tunstill,2019-03-13 14:37:47
https://www.whatdotheyknow.com/request/local_authority_school_meals_and#incoming-1330046,Local authority school meals and private providers,"
Information not held
",Stephen Cockburn,2019-03-15 15:14:15
https://www.whatdotheyknow.com/request/fire_safety_information#incoming-1384091,Fire safety information,"
Awaiting classification
",Danielle Gregory,2019-06-17 14:31:04
https://www.whatdotheyknow.com/request/methodology_for_calculation_of_a#incoming-1383962,"Methodology for calculation of ambition of 300,000 homes by mid-2020s","
Awaiting classification
",Flora Walker,2019-06-17 12:34:48
https://www.whatdotheyknow.com/request/planning_and_gardens#incoming-1383336,Planning and gardens,"
Successful
",Jonathan Sheppard,2019-06-14 14:44:25
https://www.whatdotheyknow.com/request/cladding_test_results#incoming-1185768,Cladding Test Results,"
Information not held
",FIona Greaves,2018-07-09 16:18:46
https://www.whatdotheyknow.com/request/community_right_to_build_orders#incoming-1381613,Community Right to Build Orders,"
Partially successful
",E Gittus,2019-06-12 09:48:10
https://www.whatdotheyknow.com/request/local_enterprise_partnerships_2#incoming-1257748,Local Enterprise Partnerships,"
Successful
",W.I.Nomad,2018-10-31 13:15:09
https://www.whatdotheyknow.com/request/version_control#incoming-1272470,Version control,"
Successful
",W.I.Nomad,2018-11-28 17:17:06
https://www.whatdotheyknow.com/request/break_down_electrical_safety_con#incoming-1377471,Break down electrical safety consultation responses by respondent type,"
Successful
",owen,2019-06-05 09:23:59
https://www.whatdotheyknow.com/request/trafficking_of_children_and_thei#incoming-1254884,Trafficking of children and their subsequent care.,"
Information not held
",Kate Garbers,2018-10-25 11:23:07
https://www.whatdotheyknow.com/request/conflict_between_trading_standar#incoming-1376145,conflict between Trading Standards statutory duties and local authority Trading Standards discretion,"
Awaiting classification
",domenic b,2019-06-03 12:25:43
https://www.whatdotheyknow.com/request/19th_december_2018_2019#incoming-1375558,"19th December, 2018","
Information not held
",Amanda Hart,2019-05-31 17:16:12
https://www.whatdotheyknow.com/request/number_of_registered_midlands_vr#incoming-1372341,Number of registered Midlands VRTB applicants,"
Successful
",keith lisle,2019-05-24 17:50:58
https://www.whatdotheyknow.com/request/re_epc_tenure_data#incoming-1369212,Re: EPC tenure data,"
Successful
",dominic humphrey,2019-05-21 06:50:20
https://www.whatdotheyknow.com/request/coventry_city_councils_decision#incoming-1368144,"Coventry City Council’s decision to build a 6 green indoor bowling facility on a landlocked , green belt location.","
Awaiting classification
",Mr. P. Sweetman,2019-05-19 13:58:58
https://www.whatdotheyknow.com/request/large_panel_systems_expert_group,Large Panel Systems 'expert' group,"
Long overdue
",Danielle Gregory,2019-05-18 18:57:34
https://www.whatdotheyknow.com/request/hmg_investor_mandate_to_state_ow#incoming-1328830,HMG Investor mandate to state owned banks regarding defaults,"
Successful
",Tom Woodhead,2019-03-14 10:45:49
https://www.whatdotheyknow.com/request/cil_charges#incoming-1360561,CIL charges,"
Successful
",Tony Dixon,2019-05-07 13:16:41
https://www.whatdotheyknow.com/request/secretary_or_minister_of_state_d_6#incoming-1363859,Secretary or Minister of State diary 19th December 2018,"
Partially successful
",Gemma Partridge,2019-05-10 15:37:27
https://www.whatdotheyknow.com/request/tower_blocks_and_owners#incoming-1354533,Tower blocks and owners,"
Partially successful
",Danielle Gregory,2019-04-26 13:13:34
https://www.whatdotheyknow.com/request/best_value_duty_maidstone_boroug#comment-87809,"""Best Value Duty"" MAIDSTONE BOROUGH COUNCIL - local authorities using contractors for legal proceedings","
Refused
",Ed Boyce,2019-04-29 14:47:50
https://www.whatdotheyknow.com/request/applications_to_become_a_registe#incoming-1351421,Applications to become a Registered Provider of Social Housing,"
Information not held
",Liz Brennan,2019-04-23 10:39:07
https://www.whatdotheyknow.com/request/it_costs_and_startegy#incoming-595012,IT costs and startegy,"
Information not held
",Concerns,2014-12-11 13:03:59
https://www.whatdotheyknow.com/request/bristol_arena_project_temple_qua#incoming-1349450,Bristol arena project / Temple Quater Enterprise Zone emails and meetings,"
Refused
",Joseph Lloyd,2019-04-17 09:29:29
https://www.whatdotheyknow.com/request/mayor_contact_details_2019#incoming-1346341,Mayor contact details 2019,"
Long overdue
",Yasmin Achilles,2019-04-11 17:02:42
https://www.whatdotheyknow.com/request/right_to_buy_33#incoming-1340287,Right to buy,"
Long overdue
",Mr P,2019-04-02 08:44:44
https://www.whatdotheyknow.com/request/hmcts_confirmed_local_councils_a_3#incoming-847593,HMCTS confirmed Local Council's are Government Departments - why are they removing sections of the Statutory Demand ?,"
Long overdue
",Will Grant,2016-08-02 15:29:17
https://www.whatdotheyknow.com/request/are_the_insolvency_rules_still_i_8#incoming-825740,Are the Insolvency Rules still in force ?,"
Long overdue
",Will Grant,2016-06-15 12:26:33
https://www.whatdotheyknow.com/request/monitoring_the_work_of_local_aut#outgoing-887393,Monitoring the work of local authority building control to ensure that new buildings are compliant with the building regulations,"
Awaiting internal review
",SJ Amyes,2019-04-11 22:17:57
https://www.whatdotheyknow.com/request/midlands_vrtb_pilot_part_results#incoming-1311785,Midlands VRTB Pilot part results,"
Successful
",keith lisle,2019-02-15 09:37:22
https://www.whatdotheyknow.com/request/midlands_vrtb_pilot#incoming-1336804,Midlands VRTB Pilot,"
Successful
",keith lisle,2019-03-26 10:20:41
https://www.whatdotheyknow.com/request/address_of_long_term_vacant_home#incoming-1340923,Address of long-term vacant homes,"
Refused
",Enrico Miglino,2019-04-02 16:36:59
https://www.whatdotheyknow.com/request/disabled_tennant_private_rental#incoming-1340258,Disabled tennant private rental home,"
Awaiting classification
",Mrs Percival,2019-04-02 06:55:09
https://www.whatdotheyknow.com/request/submissions_to_2018_mhclg_consul#incoming-1333455,Submissions to 2018 MHCLG consultation on IRFR9 'financial instruments' & LGPS Pooling,"
Partially successful
",Joel M Benjamin,2019-03-19 17:34:24
https://www.whatdotheyknow.com/request/right_to_buy_timescales_2#incoming-1337346,Right to Buy timescales,"
Successful
",Brian Harrison,2019-03-26 16:13:27
https://www.whatdotheyknow.com/request/allotment_deregulation_decisions_2#outgoing-881410,Allotment Deregulation Decisions,"
Successful
",Frederick Wesley,2019-03-25 08:21:11
https://www.whatdotheyknow.com/request/stoke_on_trent_city_council_requ#incoming-1330983,Stoke-On-Trent City Council request for selective licensing approval.,"
Successful
",Sara Hammerton,2019-03-18 09:57:33
https://www.whatdotheyknow.com/request/spread_of_arbitration_times_for#incoming-1322898,Spread of arbitration times for deposits held by DPS,"
Successful
",Dr Connelly,2019-03-05 10:12:26
https://www.whatdotheyknow.com/request/domestic_homicides_2011_12_2#incoming-341223,Domestic homicides 2011-12,"
Information not held
",katy taylor,2012-12-12 10:07:25
https://www.whatdotheyknow.com/request/government_formulas_used_for_fai#incoming-1325518,"Government Formulas Used For Fair Rent Valuations 2017 , 2018 & 2019","
Refused
",taryn taylor,2019-03-08 12:49:32
https://www.whatdotheyknow.com/request/parking_code_of_practice_decisio#incoming-1314846,Parking code of practice - decisions regarding breaches,"
Information not held
",M J Anderson,2019-02-20 16:00:16
https://www.whatdotheyknow.com/request/gis_data_eg_shapefiles_on_local#incoming-1317909,GIS data (e.g. shapefiles) on local plans in England,"
Successful
",Felix Beck,2019-02-25 17:07:50
https://www.whatdotheyknow.com/request/morecambe_bay_coastal_communitie#incoming-1311529,Morecambe Bay Coastal Communities Fund Stage 2 Application,"
Refused
",Anne Nichols,2019-02-14 15:34:30
https://www.whatdotheyknow.com/request/please_provide_the_diaries_calen#incoming-1300952,Please provide the diaries/ calendar of meetings for Matthew Style and Melanie Dawes 2015-2018,"
Refused
",Joel M Benjamin,2019-01-28 16:42:11
https://www.whatdotheyknow.com/request/public_health_funeral_funding_pr#incoming-1315133,Public Health Funeral funding & procedure,"
Information not held
",S Carmichael,2019-02-21 10:12:10
https://www.whatdotheyknow.com/request/school_meal_providers,School meal providers,"
Long overdue
",Stephen Cockburn,2019-02-24 23:20:30
https://www.whatdotheyknow.com/request/westminster_city_council_vsecret#incoming-1314497,Westminster City Council vSecretary of State for Housing Communities And Local Government [2019] EWHC 176 (Admin) (05 February 2019,"
Information not held
",Edward Williams,2019-02-20 11:47:24
https://www.whatdotheyknow.com/request/stock_transfer_not_done_lawfully,stock transfer not done lawfully Poplar Harca,"
Long overdue
",Hugj,2019-02-20 11:57:53
https://www.whatdotheyknow.com/request/200809_iceland_banking_collapse#incoming-1300205,2008/09 Iceland Banking Collapse Evidence,"
Refused
",Joel M Benjamin,2019-01-28 10:38:16
https://www.whatdotheyknow.com/request/freedom_of_information_failure_t#incoming-1311219,Freedom of Information - failure to consult on Mandatory HMO Licencing,"
Long overdue
",Maureen Treadwell,2019-02-14 11:13:37
https://www.whatdotheyknow.com/request/law_firms_instructed_by_mhclg,Law firms instructed by MHCLG,"
Long overdue
",Garry Champion,2019-02-17 20:36:52
https://www.whatdotheyknow.com/request/names_of_the_4_commissioners_for#incoming-1309613,"Names of the 4 commissioners for Building Better Building Beautiful, and the process of selection","
Awaiting classification
",elizabeth motley,2019-02-12 11:21:33
https://www.whatdotheyknow.com/request/jewish_residential_enclaves#incoming-1230681,Jewish residential enclaves,"
Information not held
",G.Jessel,2018-09-10 14:35:49
https://www.whatdotheyknow.com/request/allotment_deregulation_decisions#incoming-910020,Allotment Deregulation Decisions,"
Successful
",Frederick Wesley,2016-12-15 14:09:13
https://www.whatdotheyknow.com/request/safety_checks_following_the_gren_3#comment-86754,Safety Checks Following the Grenfell Tower fire - Responses from Councils and Social Housing Providers,"
Partially successful
",Richard Taylor,2019-02-11 13:52:28
https://www.whatdotheyknow.com/request/coastal_communities_fund_regener,Coastal Communities Fund - regeneration scheme in Littlehampton,"
Long overdue
",Derrick Chester,2019-02-10 23:52:13
https://www.whatdotheyknow.com/request/khalsa_secodnary_academy#incoming-645968,Khalsa Secodnary Academy,"
Withdrawn by the requester
",Paul Rota,2015-04-27 15:05:22
https://www.whatdotheyknow.com/request/names_of_free_school_sites_owned#incoming-1307418,Names of free school sites owned by MHCLG and the cost of each,"
Information not held
",J Downs,2019-02-08 07:22:46
https://www.whatdotheyknow.com/request/the_housing_associations_respons#incoming-1304517,The housing associations responsibility to buy back a house at market value.,"
Successful
",Jill Benson,2019-02-04 14:58:56
https://www.whatdotheyknow.com/request/re_section_118_and_schedule_7_ho#incoming-1307032,RE: Section 118 and Schedule 7 Housing and Planning Act 2016 Commencement Order or Statutory Instruments,"
Long overdue
",Ismail Abdulhai Bhamjee,2019-02-07 12:45:38
https://www.whatdotheyknow.com/request/xml_files_of_display_energy_cert#incoming-1307039,XML files of Display energy certificates lodged on Landmark Register,"
Awaiting classification
",N Taylor,2019-02-07 12:48:38
https://www.whatdotheyknow.com/request/housing_associations_in_the_uk#incoming-1306253,Housing Associations in the UK,"
Awaiting classification
",JS,2019-02-06 12:46:55
https://www.whatdotheyknow.com/request/reserve_funds_held_by_managing_a_2#incoming-1304705,Reserve Funds held by Managing Agents on behalf of Home Owners/Buyers,"
Successful
",Rob Heale,2019-02-04 17:19:22
https://www.whatdotheyknow.com/request/a_list_of_all_troubled_families#incoming-314103,A list of all Troubled Families Co-Ordinators at each local authority,"
Refused
",Paul Boland,2012-09-19 13:22:00
https://www.whatdotheyknow.com/request/minutes_of_meeting_11#incoming-1291707,Minutes of meeting,"
Long overdue
",Stephanie Russell,2019-01-11 14:12:34
https://www.whatdotheyknow.com/request/council_tax_on_line_payment_when_2#incoming-840666,Council tax on-line payment - when did Parliament grant them the right to set up payment plans without consent,"
Information not held
",Ms Hayley Court,2016-07-19 10:48:17
https://www.whatdotheyknow.com/request/list_of_councils_with_part_2_bro#incoming-1303226,List of Councils with part 2 Brownfield Land Registers,"
Awaiting classification
",Charlotte,2019-01-31 17:21:34
https://www.whatdotheyknow.com/request/london_first_let_general_needs_s_2#incoming-1291164,"London First-let General Needs Social Rent lets, 2017-18, with Service Charges","
Successful
",Paul Burnham,2019-01-10 15:45:51
https://www.whatdotheyknow.com/request/fire_officer_email_list_for_all_4#incoming-1302182,Fire Officer email list for all councils,"
Awaiting classification
",nick cox,2019-01-30 11:31:09
https://www.whatdotheyknow.com/request/badger_cull_tax_2#incoming-1301194,Badger Cull - Tax,"
Partially successful
",Donna Clarke,2019-01-29 09:49:50
https://www.whatdotheyknow.com/request/daily_telegraph_dossier_of_2016#incoming-1301711,Daily Telegraph Dossier of 2016 on Labour Party antisemitism - was Eric Pickles informed?,"
Awaiting classification
",Chris Friel,2019-01-29 15:02:29
https://www.whatdotheyknow.com/request/social_housing_eligibility_3#incoming-1291905,Social Housing Eligibility,"
Partially successful
",G Taylor,2019-01-11 16:55:15
https://www.whatdotheyknow.com/request/london_first_let_general_needs_s#incoming-1296993,"London First-let General Needs Social Rent lets: numbers and median rents, 2016-17","
Partially successful
",Paul Burnham,2019-01-21 16:56:34
https://www.whatdotheyknow.com/request/departmental_foi_failures#incoming-1298117,Departmental FOI failures,"
Awaiting classification
",Garry Champion,2019-01-23 12:35:01
https://www.whatdotheyknow.com/request/allocations_of_the_222000_new_ho#incoming-1296700,"Allocations of the 222,000 new homes in the last year.","
Partially successful
",Shaun J M Miles,2019-01-21 13:48:38
https://www.whatdotheyknow.com/request/planning_directions_in_force_dur#incoming-1114467,Planning directions in force during 2012-2017,"
Successful
",michael bradley,2018-02-19 15:16:12
https://www.whatdotheyknow.com/request/official_portraits_2#incoming-576384,Official Portraits,"
Successful
",Michael Taylor,2014-10-24 11:43:01
https://www.whatdotheyknow.com/request/correspondence_regarding_proposa#incoming-1289429,Correspondence regarding proposal to remove Sir Ken Knight as Chair of Grenfell Tower Inquiry experts panel,"
Refused
",Terry Edge,2019-01-08 15:43:13
https://www.whatdotheyknow.com/request/social_housing_welfare_refom_act#incoming-1291345,Social housing & Welfare refom act,"
Partially successful
",Angela Grace,2019-01-11 09:06:27
https://www.whatdotheyknow.com/request/meeting_8_november_with_leasehol#incoming-1283550,Meeting 8 November with Leasehold Reform Stake Holders,"
Partially successful
",Jonathan Poulter,2018-12-19 17:17:04
https://www.whatdotheyknow.com/request/legal_spend_by_mhclg#incoming-1288624,Legal spend by MHCLG,"
Awaiting classification
",Garry Champion,2019-01-07 14:40:01
https://www.whatdotheyknow.com/request/discretionary_housing_payment_2#incoming-358158,Discretionary Housing Payment,"
Successful
",Ben Walker,2013-02-07 16:06:43
https://www.whatdotheyknow.com/request/social_housing_eligibility_4#incoming-1286159,Social Housing Eligibility,"
Long overdue
",G Taylor,2018-12-31 15:01:23
https://www.whatdotheyknow.com/request/social_housing_welfare_reform_ac,Social housing & Welfare reform act,"
Long overdue
",Angela Grace,2019-01-04 20:18:52
https://www.whatdotheyknow.com/request/policy_document_2#incoming-1285117,Policy Document,"
Successful
",Robb Stark,2018-12-24 09:39:42
https://www.whatdotheyknow.com/request/update_of_housing_transfer_polic#incoming-1287434,Update of Housing transfer policy in England,"
Awaiting classification
",Suzanne Park,2019-01-03 15:35:34
https://www.whatdotheyknow.com/request/re_saif_ali_and_another_v_sydney#outgoing-849586,RE:- Saif Ali and Another V Sydney Mitchell and Company (A Firm) and Others (Appellants) 2nd November 1978. and CPR 19-4A Minister of the Crown.,"
Long overdue
",Ismail Abdulhai Bhamjee,2019-01-01 09:02:42
https://www.whatdotheyknow.com/request/correspondence_with_the_british_3#incoming-739542,Correspondence with the British Parking Association Ltd,"
Partially successful
",Rob Channon,2015-11-30 11:57:16
https://www.whatdotheyknow.com/request/request_to_understand_next_step#outgoing-849096,Request to understand next step for onerous ground rent redress,"
Long overdue
",Stephanie Russell,2018-12-28 08:02:02
https://www.whatdotheyknow.com/request/large_panel_systems_expert_panel#incoming-1284142,Large Panel Systems expert panel,"
Partially successful
",Danielle Gregory,2018-12-20 15:18:56
https://www.whatdotheyknow.com/request/northamptonshire_county_council_4#incoming-1274554,Northamptonshire County Council Commissioner's Reports,"
Partially successful
",Stuart Chatterton,2018-12-04 08:46:45
https://www.whatdotheyknow.com/request/correspondence_from_northamptons#incoming-1278274,Correspondence from Northamptonshire County Council Commissioners,"
Partially successful
",Stuart Chatterton,2018-12-10 16:23:32
https://www.whatdotheyknow.com/request/lassl_letter#incoming-1229465,LASSL Letter,"
Information not held
",Ben Carter,2018-09-07 09:38:02
https://www.whatdotheyknow.com/request/number_of_illegal_activity_repor_2#outgoing-847578,Number of Illegal Activity Reports Received by the Ministry from the Property Redress Schemes Providers,"
Successful
",Mark,2018-12-18 14:50:52
https://www.whatdotheyknow.com/request/average_age_of_home_buyers_2#incoming-1281999,Average age of home buyers,"
Partially successful
",Laura Crimmons,2018-12-17 15:21:22
https://www.whatdotheyknow.com/request/leasehold_reform_round_table_8th#incoming-1281939,Leasehold Reform Round Table - 8th November,"
Awaiting classification
",wkinsella,2018-12-17 14:35:48
https://www.whatdotheyknow.com/request/contact_details_for_la_leaders_e#incoming-1278336,Contact Details for LA leaders & executive positions,"
Awaiting classification
",Human Engine,2018-12-10 17:42:26
https://www.whatdotheyknow.com/request/bids_for_garden_communities#incoming-1276419,Bids for Garden Communities,"
Refused
",Philip Gibbs,2018-12-06 14:59:00
https://www.whatdotheyknow.com/request/provisions_for_hulme_street_salf#incoming-1276558,"Provisions for Hulme Street, Salford during redevelopment works","
Information not held
",David Singer,2018-12-06 17:24:59
https://www.whatdotheyknow.com/request/coastal_communities_fund_applica#incoming-1276412,Coastal communities fund applications,"
Awaiting classification
",Laura B,2018-12-06 14:50:08
https://www.whatdotheyknow.com/request/framework_agreements_with_consul#incoming-1275585,Framework agreements with consultancies,"
Awaiting classification
",Lauren Avis,2018-12-05 14:10:50
https://www.whatdotheyknow.com/request/test_footage#incoming-1211992,Test footage,"
Refused
",Chris Cook,2018-08-15 14:13:57
https://www.whatdotheyknow.com/request/spending_on_housing_in_the_uk#outgoing-841829,Spending on Housing in the UK,"
Long overdue
",DP,2018-11-29 21:11:24
https://www.whatdotheyknow.com/request/re_niall_carrol_versus_sshclg_an,RE:- Niall Carrol Versus SSHCLG and Others and Malicious Prosecution and Planning Inspectors.,"
Long overdue
",Ismail Abdulhai Bhamjee,2018-11-27 22:42:42
https://www.whatdotheyknow.com/request/re_the_council_tax_liability_for#outgoing-840667,"RE:- The Council Tax (Liability for Owners) Regulation 1992 (As amended by SI 1993 no 151), The Human Rights Act 1998 and Counter-Claim Local Government Finance Act 1992 Malicious Prosecution","
Awaiting internal review
",Ismail Abdulhai Bhamjee,2018-11-26 22:15:59
https://www.whatdotheyknow.com/request/additional_legal_spend,Additional legal spend,"
Long overdue
",Garry Champion,2018-11-24 10:51:34
https://www.whatdotheyknow.com/request/all_communications_with_councils#incoming-1263164,All communications with councils regarding There But Not There social housing estate communities in a parallel process,"
Refused
",David Walton,2018-11-12 11:35:49
https://www.whatdotheyknow.com/request/are_service_users_or_the_general_6#incoming-1267682,"Are Service Users or the general public allowed to audio-visually record meeting and calls with your staff? If so, do they require permission or are they permitted to do so covertly? FOI Request.","
Information not held
",John Jones  Researcher,2018-11-20 12:50:44
https://www.whatdotheyknow.com/request/vrtb_results#incoming-1261870,VRTB Results,"
Successful
",keith lisle,2018-11-08 14:25:22
https://www.whatdotheyknow.com/request/dereliction_of_duty_by_the_gover#incoming-1241202,Dereliction of Duty by The Government+For the Attention of Rt Hon Sajid Javid,"
Refused
",Josie Mullen,2018-09-28 16:53:27
https://www.whatdotheyknow.com/request/legal_cases_18#incoming-1266307,Legal cases,"
Awaiting classification
",Louis Goddard,2018-11-16 16:50:10
https://www.whatdotheyknow.com/request/planning_restrictions_for_housin#incoming-1135805,Planning restrictions for housing close to industry and visa versa,"
Successful
",Robin Dickinson,2018-04-03 14:17:29
https://www.whatdotheyknow.com/request/conservation_area_urgent_works_n#incoming-1261304,Conservation Area Urgent works Notice S.76,"
Information not held
",David Bowen,2018-11-07 16:01:19
https://www.whatdotheyknow.com/request/mhclg_request_for_sensitive_pers_2#incoming-1262043,MHCLG request for sensitive personal data on homeless individuals v2,"
Successful
",Sam from medConfidential,2018-11-08 16:29:56
https://www.whatdotheyknow.com/request/statistics_on_local_government_i#incoming-1249259,Statistics on Local Government Investments/ Deposits 2004 - 2009,"
Partially successful
",Joel M Benjamin,2018-10-15 09:39:37
https://www.whatdotheyknow.com/request/surveys_into_owners_of_high_rise#incoming-1129614,Surveys into owners of high rise blocks over 18 metres,"
Information not held
",Miss Frodsham,2018-03-20 09:14:29
https://www.whatdotheyknow.com/request/phone_boxes#incoming-1261184,Phone boxes,"
Successful
",Edward Williams,2018-11-07 14:31:21
https://www.whatdotheyknow.com/request/headers_of_emails_from_pickles_f#incoming-627205,Headers of emails from Pickles' foreign fans,"
Partially successful
",Sam Morgan,2015-03-10 16:14:24
https://www.whatdotheyknow.com/request/agl376294_title#incoming-975484,AGL376294 title,"
Refused
",Laurie Heykoop,2017-05-08 15:56:58
https://www.whatdotheyknow.com/request/local_billing_authority_unsatisf#incoming-1259641,Local Billing Authority Unsatisfied Execution or Process section 268(1)b,"
Awaiting classification
",Mr. Lewis,2018-11-05 11:54:48
https://www.whatdotheyknow.com/request/full_list_of_council_estates_in#incoming-1206759,Full list of Council Estates in London,"
Information not held
",Abdullah A,2018-08-08 09:31:57
https://www.whatdotheyknow.com/request/reference_for_a_former_employee#incoming-792618,Reference for a former employee,"
Successful
",Vicky Evans,2016-04-06 09:54:51
https://www.whatdotheyknow.com/request/fees_paid_to_dame_judith_hackitt#incoming-1178694,Fees paid to Dame Judith Hackitt,"
Successful
",John Smith,2018-06-26 12:09:15
https://www.whatdotheyknow.com/request/bellwin_scheme_applications#incoming-1252089,Bellwin scheme applications,"
Long overdue
",Kate Fowler,2018-10-19 09:46:23
https://www.whatdotheyknow.com/request/unitary_council_commnications_wi#incoming-1250516,Unitary Council commnications with Somerset County Council (SCC),"
Successful
",Dave Orr,2018-10-16 16:49:15
https://www.whatdotheyknow.com/request/government_housing_association_v#incoming-1247069,Government Housing association VRTB,"
Partially successful
",keith lisle,2018-10-10 09:34:50
https://www.whatdotheyknow.com/request/local_council_funding#incoming-1247237,Local council funding,"
Successful
",S. Brooke,2018-10-10 11:46:29
https://www.whatdotheyknow.com/request/mhclg_request_for_sensitive_pers#incoming-1246180,MHCLG request for sensitive personal data on homeless individuals,"
Refused
",Sam from medConfidential,2018-10-08 17:13:44
https://www.whatdotheyknow.com/request/st_helens_mbc_planning_applicati_2#incoming-1243109,"St Helens MBC Planning Application p/2016/0608 has been undertaken and passed. Florida Farm North, Haydock, st.Helens, Merseyside","
Information not held
",janet Barton,2018-10-03 08:37:28
https://www.whatdotheyknow.com/request/how_many_affordable_homes_are_cu#incoming-1245025,How many affordable homes are currently under construction in the UK?,"
Awaiting classification
",Theo Osborn,2018-10-05 12:28:53
https://www.whatdotheyknow.com/request/stress_at_work_20#incoming-1244288,Stress at Work,"
Successful
",Jonathan,2018-10-04 12:08:41
https://www.whatdotheyknow.com/request/impact_of_brexit_upon_city_of_li#incoming-1244314,Impact of Brexit upon City Of Liverpool,"
Awaiting classification
",Thomas,2018-10-04 12:19:26
https://www.whatdotheyknow.com/request/correspondence_with_south_essex#incoming-1241044,Correspondence with South Essex Local Authorities regarding Local Plans,"
Refused
",Philip Gibbs,2018-09-28 14:50:51
https://www.whatdotheyknow.com/request/how_many_self_build_communities#incoming-1240538,How many self-build communities are there in the UK? How many more are in plans?,"
Successful
",Theo Osborn,2018-09-27 16:36:27
https://www.whatdotheyknow.com/request/freedom_of_information_request_w_7#incoming-1238353,Freedom Of Information Request – Whether All Active and Dormant Private Limited Companies are Declarable Pecuniary Interests,"
Awaiting classification
",Mark Dimmock,2018-09-24 17:20:29
https://www.whatdotheyknow.com/request/councillors_remuneration_3#incoming-1235018,Councillors Remuneration,"
Information not held
",Robert Bishop,2018-09-18 12:31:58
https://www.whatdotheyknow.com/request/local_authority_defined_activiti#incoming-1231133,Local Authority Defined Activities legal and financial services,"
Long overdue
",Mr Frankham,2018-09-11 10:17:47
https://www.whatdotheyknow.com/request/i_would_like_details_of_meetings#incoming-1227426,I would like details of meetings in which decisions were made to launch a second Voluntary Right To Buy Pilot instead of a national roll out,"
Long overdue
",J Marshall,2018-09-04 17:56:40
https://www.whatdotheyknow.com/request/data_protection_act_2018_gdpr_po#comment-84941,Data Protection Act 2018 (GDPR) Policy and Contact Details,"
Partially successful
",Ryan Jarvis,2018-09-13 13:02:16
https://www.whatdotheyknow.com/request/disclosure_of_councillor_declara#incoming-1230722,Disclosure of councillor declaration of interests- Maidstone Borough Councillor Eddie Powell,"
Awaiting classification
",Sibongseni Ningizimu Myeni,2018-09-10 15:01:18
https://www.whatdotheyknow.com/request/tower_hamlets_pilot#incoming-1229857,Tower Hamlets pilot,"
Awaiting classification
",Abdul Hai,2018-09-07 14:29:28
https://www.whatdotheyknow.com/request/midlands_pilot_for_right_to_buy_2#incoming-1227312,Midlands pilot for right to buy association housing budget- number,"
Awaiting classification
",Ben Cape,2018-09-04 16:20:37
https://www.whatdotheyknow.com/request/parking_reform_consultation#incoming-1219913,Parking reform consultation,"
Successful
",Susan Fletcher,2018-08-28 11:54:25
https://www.whatdotheyknow.com/request/list_of_addresses_for_local_auth#incoming-1048526,List of addresses for Local Authorities in England and Wales,"
Refused
",Lucas Duddy,2017-10-05 13:20:26
https://www.whatdotheyknow.com/request/up_to_date_details_of_current_co_33#incoming-1202479,"Up to date details of current contracts over £5,000","
Successful
",Spend Network,2018-08-03 09:37:41
https://www.whatdotheyknow.com/request/midlands_pilot_for_right_to_buy#incoming-1223677,Midlands pilot for right to buy association housing,"
Awaiting classification
",Ben Cape,2018-08-31 11:27:21
https://www.whatdotheyknow.com/request/neighbourhood_forums#incoming-1222057,Neighbourhood Forums,"
Awaiting classification
",Tom Black,2018-08-30 12:11:00
https://www.whatdotheyknow.com/request/devolved_powers_to_local_authori_3#incoming-1200198,Devolved powers to Local Authorities with regards to 100% business rate retention,"
Successful
",Victor Turton,2018-07-31 16:37:07
https://www.whatdotheyknow.com/request/service_level_agreement_required#incoming-1221459,Service Level Agreement required by councils,"
Awaiting classification
",Thomas Reynolds,2018-08-29 16:39:16
https://www.whatdotheyknow.com/request/email_contact_address_for_the_wa#incoming-1220786,Email contact address for the waste or recycling department of all local government offices in the UK,"
Awaiting classification
",John Neill,2018-08-29 09:55:39
https://www.whatdotheyknow.com/request/payments_under_the_bellwin_schem#outgoing-807655,Payments under the Bellwin scheme,"
Awaiting classification
",Kate Fowler,2018-08-28 12:28:07
https://www.whatdotheyknow.com/request/meetings_between_mhclg_and_tdc#incoming-1215224,Meetings between MHCLG and TDC,"
Partially successful
",David Stevens,2018-08-20 16:39:08
https://www.whatdotheyknow.com/request/application_of_section_106_requi#incoming-1217406,Application of Section 106 requirements after a development has been completed.,"
Awaiting classification
",Peter Bulman,2018-08-22 17:00:24
https://www.whatdotheyknow.com/request/information_on_community_right_t#incoming-1216214,Information on Community Right to Challenge,"
Awaiting classification
",James Evans,2018-08-21 16:53:04
https://www.whatdotheyknow.com/request/was_a_planning_application_submi#incoming-1215143,Was a planning application submitted to Walsall Planning Services?,"
Awaiting classification
",Maria Hall,2018-08-20 15:56:32
https://www.whatdotheyknow.com/request/local_government_billing_authori#incoming-1211101,Local government billing authorities,"
Awaiting classification
",Mr. J Stuart,2018-08-14 14:23:10
https://www.whatdotheyknow.com/request/quality_checks_of_trip_offsettin#incoming-1210733,Quality checks of Trip Offsetting in Transport Assessments,"
Partially successful
",rob shepherd,2018-08-14 10:24:04
https://www.whatdotheyknow.com/request/devolved_powers_to_local_authori#incoming-1210440,Devolved powers to Local Authorities with regards to 100% business rate retention,"
Successful
",Victor Turton,2018-08-13 16:43:19
https://www.whatdotheyknow.com/request/unclaimed_rental_deposits_since#incoming-1210461,Unclaimed rental deposits since 2016,"
Awaiting classification
",Connor Jones,2018-08-13 17:12:12
https://www.whatdotheyknow.com/request/should_housing_associations_insp,"Should housing associations inspect ""IMPROVEMENT WORK"" completed by contractors to their housing stock ?","
Long overdue
",maxine mcgill,2018-08-13 14:46:54
https://www.whatdotheyknow.com/request/electronic_filing_systems_and_in#incoming-1205488,Electronic filing systems and information retrieval policies and standards,"
Partially successful
",Dave Orr,2018-08-07 09:23:42
https://www.whatdotheyknow.com/request/rich_mix_finances#incoming-1207403,Rich Mix finances,"
Awaiting classification
",Abdul Hai,2018-08-08 15:51:14
https://www.whatdotheyknow.com/request/1968_statutory_instrument_no_195#incoming-1186320,1968 Statutory Instrument No 1952 (Planning Appeals),"
Information not held
",victor allen,2018-07-10 15:04:46
https://www.whatdotheyknow.com/request/definition_of_communities_and_de#outgoing-797522,Definition of Communities and definition of Local Government,"
Awaiting internal review
",Mr Frankham,2018-08-03 17:12:57
https://www.whatdotheyknow.com/request/summary_of_all_contact_between_c#incoming-910216,Summary of all contact between Cuadrilla and civil servants and ministers at DCLG since 2010,"
Refused
",Richard Jones,2016-12-15 17:30:53
https://www.whatdotheyknow.com/request/local_authority_governance#incoming-1201704,Local authority governance,"
Awaiting classification
",Jonathon Jones,2018-08-02 11:42:33
https://www.whatdotheyknow.com/request/government_approval_for_councils#incoming-1191599,Government approval for Councils borrowing from banks outside of the UK,"
Partially successful
",Joel M Benjamin,2018-07-20 15:03:49
https://www.whatdotheyknow.com/request/documents_concerning_sos_interve#incoming-1201171,Documents concerning SoS intervention in Scout Moor Windfarm extension,"
Partially successful
",S. Brooke,2018-08-01 16:11:55
https://www.whatdotheyknow.com/request/failed_safety_tests_on_cladding_18#incoming-1186195,Failed safety tests on cladding,"
Refused
",Matthew Thompson,2018-07-10 12:52:59
https://www.whatdotheyknow.com/request/detailed_evidence_for_grants_to#incoming-1200605,Detailed evidence for grants to 'Big Ideas Co',"
Awaiting classification
",Elaine Taylor,2018-08-01 10:50:12
https://www.whatdotheyknow.com/request/use_of_the_devolution_act_for_th#incoming-1196847,Use of the Devolution Act for the merger of Taunton Deane Borough Council (TDBC) and West Somerset Council (WSC),"
Refused
",Dave Orr,2018-07-27 14:15:40
https://www.whatdotheyknow.com/request/devolved_powers_to_local_authori_2,Devolved powers to Local Authorities with regards to 100% business rate retention,"
Successful
",Victor Turton,2018-07-30 12:17:22
https://www.whatdotheyknow.com/request/bame_homelessness_statistics#incoming-1188729,BAME homelessness statistics,"
Partially successful
",Lewis,2018-07-16 15:54:05
https://www.whatdotheyknow.com/request/right_to_buy_31#incoming-1195706,Right to buy,"
Awaiting classification
",Tarza,2018-07-26 10:24:22
https://www.whatdotheyknow.com/request/extent_of_evidence_supplied_to_s#incoming-1189116,Extent of Evidence supplied to SOS by CYC in relation to Planning Application 16/02358/OUTM,"
Successful
",Chris Wedgwood,2018-07-17 12:04:29
https://www.whatdotheyknow.com/request/independent_grenfell_tower_recov_2#incoming-1191739,Independent Grenfell Tower Recovery Taskforce,"
Awaiting classification
",Steven King,2018-07-20 16:12:18
https://www.whatdotheyknow.com/request/eia_for_planning_application_ref_2#incoming-1188725,EIA for Planning Application ref. EPF/1413/18 to Epping Forest District Council,"
Information not held
",Liam Lakes,2018-07-16 15:51:18
https://www.whatdotheyknow.com/request/the_applicability_of_the_devolut#incoming-1188852,The applicability of the Devolution Act to the merger proposals of Taunton Deane Borough and West Somerset Councils,"
Long overdue
",Dave Orr,2018-07-17 08:14:56
https://www.whatdotheyknow.com/request/meeting_notes_from_the_merger_of#outgoing-786771,Meeting notes from the merger of Taunton Deane Borough Council and West Somerset Council,"
Awaiting internal review
",Dave Orr,2018-07-16 15:50:03
https://www.whatdotheyknow.com/request/right_to_buy_extension_voluntary#incoming-1080662,Right to Buy Extension [Voluntary Right to Buy],"
Withdrawn by the requester
",[name removed] (Account suspended),2017-12-06 10:35:06
https://www.whatdotheyknow.com/request/secretary_of_states_brexit_meeti#incoming-1183991,Secretary of State's Brexit Meetings since January 1st 2018,"
Refused
",Tommy Gale,2018-07-05 10:55:58
https://www.whatdotheyknow.com/request/detailed_evidence_for_grants_to_2#incoming-1168024,Detailed evidence for grants to 'Big Ideas Co' pt 2,"
Long overdue
",Elaine Taylor,2018-06-04 15:10:49
https://www.whatdotheyknow.com/request/full_excel_lists_of_all_council_3#incoming-1180842,Full Excel lists of all Council / Authorities in the UK.,"
Awaiting classification
",Alan Gall,2018-06-28 13:49:40
https://www.whatdotheyknow.com/request/sola_012300_local_councils_polit#incoming-1178629,[SOLA 012300] Local councils Political Officers,"
Partially successful
",Janik2,2018-06-26 11:26:04
https://www.whatdotheyknow.com/request/borrowing_and_investment_tables#incoming-1172178,Borrowing and investment tables.,"
Partially successful
",Ludovica Rogers,2018-06-12 10:10:14
https://www.whatdotheyknow.com/request/planning_application_for_explora#incoming-1089529,Planning application for exploratory fracking,"
Partially successful
",John Wilkinson,2017-12-28 20:34:44
https://www.whatdotheyknow.com/request/social_media_expenditure_4#incoming-1176377,Social media expenditure,"
Partially successful
",Mark Wilding,2018-06-20 17:04:16
https://www.whatdotheyknow.com/request/expression_of_interest_for_housi_2#incoming-1172476,Expression of Interest for Housing Infrastructure Fund from Herefordshire Council,"
Partially successful
",Robert Palgrave,2018-06-12 14:39:25
https://www.whatdotheyknow.com/request/local_authority_powers_to_exclud_2#incoming-1172360,Local Authority Powers to Exclude or Disbar Elected Members,"
Refused
",Ge off Pickering,2018-06-12 12:28:18
https://www.whatdotheyknow.com/request/level_of_rsg_for_principal_local#outgoing-776201,Level of RSG for Principal Local Authorities for 2018/2019 and 2019/2020,"
Successful
",Mr D Smith,2018-06-12 14:02:42
https://www.whatdotheyknow.com/request/returning_officers_training_and#incoming-1171607,Returning officers training and monitoring,"
Awaiting classification
",Abdul Hai,2018-06-11 13:09:00
https://www.whatdotheyknow.com/request/historic_planning_enforcement_st#incoming-1157986,Historic planning enforcement statistics for the Cheshire Area,"
Partially successful
",Grant Roxburgh,2018-05-14 14:57:53
https://www.whatdotheyknow.com/request/brexit_impact_assessments#incoming-1152015,Brexit impact assessments,"
Refused
",Tommy Gale,2018-05-02 12:55:10
https://www.whatdotheyknow.com/request/hm_treasury_fund_allocation#incoming-1152042,HM Treasury fund allocation,"
Successful
",Tommy Gale,2018-05-02 13:28:52
https://www.whatdotheyknow.com/request/information_on_cpos#incoming-1165816,Information on CPOs,"
Partially successful
",Peoples Information Center,2018-05-30 14:32:10
https://www.whatdotheyknow.com/request/employers_liability_claims_16#incoming-1165402,Employer’s liability claims,"
Long overdue
",Jon Brownhill,2018-05-30 08:34:09
https://www.whatdotheyknow.com/request/independent_external_audit_of_do#incoming-1166465,"Independent, external audit of domestic abuse services.","
Awaiting classification
",Debbie Westlake,2018-05-31 14:27:31
https://www.whatdotheyknow.com/request/analysis_of_effect_of_immigratio#incoming-1152844,Analysis of effect of immigration on house prices,"
Partially successful
",Andrew Partridge,2018-05-03 11:37:49
https://www.whatdotheyknow.com/request/demolition_section_265_housing_a#incoming-1150753,Demolition Section 265 Housing Act 265,"
Information not held
",JOHN TERRY,2018-04-30 16:12:40
https://www.whatdotheyknow.com/request/total_amount_of_grants_made_to_b#incoming-1152250,Total amount of grants made to Big Ideas Company,"
Partially successful
",Elaine Taylor,2018-05-02 16:14:27
https://www.whatdotheyknow.com/request/domestic_abuse_victims_liable_fo_5#comment-83553,"Domestic Abuse Victims Liable For Council Tax Twice, on Home They Fled & New Home","
Awaiting internal review
",Annette Davies,2018-05-22 20:02:19
https://www.whatdotheyknow.com/request/departmental_contributions_to_re#outgoing-768992,Departmental Contributions to Revenue Support Grant,"
Successful
",Ben Carter,2018-05-20 20:01:47
https://www.whatdotheyknow.com/request/sola_012287_local_government_act#incoming-1159239,"[SOLA 012287] Local Government Act 1972 c.70, s.151","
Successful
",Janik2,2018-05-16 12:01:23
https://www.whatdotheyknow.com/request/data_sharing_memorandums_of_unde_3#incoming-1159167,Data sharing memorandums of understanding,"
Information not held
",Mark Wilding,2018-05-16 11:12:43
https://www.whatdotheyknow.com/request/restrictions_on_selling_a_right#incoming-1155387,Restrictions on selling a Right to Buy property,"
Successful
",A Fletcher,2018-05-09 15:53:52
https://www.whatdotheyknow.com/request/local_authority_contact_details#incoming-1150780,Local Authority Contact Details,"
Partially successful
",Pete Rossetti,2018-04-30 16:43:17
https://www.whatdotheyknow.com/request/correspondence_on_call_in_315826#incoming-1154637,"Correspondence on call-in 3158266 :: land at Highthorn, Widdrington, Northumberland","
Awaiting classification
",Andrew Boswell,2018-05-08 15:12:32
https://www.whatdotheyknow.com/request/local_government_list#incoming-1152099,Local Government List,"
Partially successful
",Michelle Black,2018-05-02 14:19:27
https://www.whatdotheyknow.com/request/complete_list_of_business_improv#incoming-1148249,Complete list of Business Improvement Districts,"
Information not held
",Gavin Chait,2018-04-25 14:38:03
https://www.whatdotheyknow.com/request/all_advice_meeting_notes_and_cor#outgoing-764060,"All advice, meeting notes and correspondence etc for the proposed merger of Taunton Deane and West Somerset Councils","
Refused
",Dave Orr,2018-05-05 08:01:34
https://www.whatdotheyknow.com/request/dclgmhclg_pins_communications_re#incoming-1152292,DCLG/MHCLG & PINS communications re. Dunsfold planning application,"
Awaiting classification
",Andy Smith,2018-05-02 16:52:59
https://www.whatdotheyknow.com/request/has_any_funding_or_benefits_been#incoming-1150771,Has any funding or benefits been granted to the following: HOPE Not Hate Ltd,"
Awaiting classification
",Paul Moran,2018-04-30 16:33:58
https://www.whatdotheyknow.com/request/government_changes_to_the_106_ag#incoming-1146352,Government Changes to the 106 AGREEMENT in consideration of self-builders,"
Partially successful
",alex alexander,2018-04-23 10:41:43
https://www.whatdotheyknow.com/request/pfi_housing_projects_in_london_2#incoming-830325,PFI Housing Projects in London,"
Information not held
",Karen Ng,2016-06-27 14:20:02
https://www.whatdotheyknow.com/request/costs_capped_at_70_applying_for#incoming-405138,Costs capped at £70 – applying for CTAX Liability Order,"
Successful
",Carmel Toa (Account suspended),2013-07-03 10:31:33
https://www.whatdotheyknow.com/request/name_change_3#incoming-1124400,Name Change,"
Refused
",A Home Office Civil Servant,2018-03-09 12:30:59
https://www.whatdotheyknow.com/request/copies_of_circular_6268_and_7168#incoming-1147337,Copies of circular 62/68 and 71/68,"
Successful
",Danielle Gregory,2018-04-24 13:50:57
https://www.whatdotheyknow.com/request/communications_with_igas_ltd#incoming-1146960,Communications with IGas Ltd,"
Awaiting classification
",Paul Beer,2018-04-24 08:43:30
https://www.whatdotheyknow.com/request/independent_grenfell_tower_recov#incoming-1067028,' Independent ' Grenfell Tower Recovery Taskfoce - your press release 26 07 2017,"
Refused
",Steven King,2017-11-09 10:17:11
https://www.whatdotheyknow.com/request/sourcing_of_contingent_workers_6#incoming-1140670,Sourcing of contingent workers,"
Partially successful
",Mel Harris,2018-04-11 12:57:17
https://www.whatdotheyknow.com/request/section_94_of_the_housing_act_19#incoming-1141520,Section 94 of the Housing Act 1996 and Section 3 (7) (8) Constitutional Reform Act 2005 and Section 41 (5) (a) (b) (c) (d) Criminal Justice and Police Act 2001,"
Information not held
",Ismail Abdulhai Bhamjee,2018-04-12 15:36:41
https://www.whatdotheyknow.com/request/security_passes_to_fry_building#incoming-1134013,Security passes to Fry Building,"
Waiting clarification
",Tommy Gale,2018-03-28 12:14:34
https://www.whatdotheyknow.com/request/communications_with_island_gas_l#incoming-1138776,Communications with Island Gas Ltd,"
Successful
",Paul Beer,2018-04-09 12:15:19
https://www.whatdotheyknow.com/request/first_time_buyer_stamp_duty_land_3#incoming-1134617,First time buyer stamp duty land tax (SDLT) exemption,"
Information not held
",Brian Harrison,2018-03-29 11:13:57
https://www.whatdotheyknow.com/request/stamp_duty_land_tax_on_considera_3#incoming-1134616,Stamp duty land tax on 'consideration',"
Information not held
",Brian Harrison,2018-03-29 11:12:38
https://www.whatdotheyknow.com/request/cpo_database#incoming-1133944,CPO Database,"
Successful
",Peoples Information Center,2018-03-28 11:30:10
https://www.whatdotheyknow.com/request/is_a_parish_council_budget_valid#incoming-1126919,Is a parish council budget valid if councillors are not given a chance to vote on it?,"
Partially successful
",S. Gleave,2018-03-14 14:57:39
https://www.whatdotheyknow.com/request/junior_and_senior_staff_roles#incoming-1129565,Junior and Senior Staff Roles,"
Information not held
",Sam Watson,2018-03-20 08:25:41
https://www.whatdotheyknow.com/request/intranet_and_web_services_57#incoming-581732,Intranet and Web Services,"
Successful
",Mr. Bacon,2014-11-06 16:41:35
https://www.whatdotheyknow.com/request/sos_case_reference_pcueiascrk261#incoming-1108978,SoS case reference : PCU/EIASCR/K2610/77713 - EIA Screening,"
Partially successful
",Andrew Boswell,2018-02-07 16:16:34
https://www.whatdotheyknow.com/request/abandoned_construction_sites#incoming-1131421,Abandoned Construction Sites,"
Awaiting classification
",James Lewis,2018-03-22 14:41:00
https://www.whatdotheyknow.com/request/st_helens_mbc_planning_applicati#incoming-1128871,"St Helens MBC Planning Application p/2016/0608 has been undertaken and passed. Florida Farm North, Haydock, st.Helens, Merseyside","
Successful
",janet Barton,2018-03-19 09:47:17
https://www.whatdotheyknow.com/request/all_correspondence_from_01012016#incoming-1128330,All correspondence (from 01/01/2016 to present) between Taunton Deane Borough Council and the DCLG,"
Partially successful
",Dave Orr,2018-03-16 13:05:22
https://www.whatdotheyknow.com/request/list_of_all_lowest_levels_of_loc#incoming-1127985,List of all lowest levels of local governance,"
Successful
",L-M Nelson,2018-03-15 18:33:28
https://www.whatdotheyknow.com/request/number_of_properties_enrolled_in#incoming-1125650,Number of properties enrolled in tenancy deposit protection schemes,"
Successful
",dominic humphrey,2018-03-13 10:20:09
https://www.whatdotheyknow.com/request/research_into_indoor_air_quality#incoming-1117984,Research into indoor air quality in new homes,"
Refused
",The Building Performance Network,2018-02-26 10:44:44
https://www.whatdotheyknow.com/request/tenancy_deposit_solutions_ltd_ta#incoming-1123763,Tenancy Deposit Solutions Ltd t/a my|deposits,"
Refused
",James Bolton,2018-03-08 11:05:39
https://www.whatdotheyknow.com/request/results_of_the_pressure_tests_on#incoming-1123466,Results of the pressure tests on Large Panel Systems following Ronan Point collapse,"
Refused
",Danielle Gregory,2018-03-07 15:49:14
https://www.whatdotheyknow.com/request/government_guidance_on_tower_blo#incoming-1123255,Government guidance on tower block strength requirements,"
Partially successful
",Danielle Gregory,2018-03-07 12:39:29
https://www.whatdotheyknow.com/request/parks_and_open_space#incoming-1118538,Parks and Open Space,"
Partially successful
",James Lewis,2018-02-26 16:23:42
https://www.whatdotheyknow.com/request/call_in_case_management_system_d#incoming-1109587,Call in case management system & data capture,"
Successful
",J A Giggins,2018-02-08 15:31:14
https://www.whatdotheyknow.com/request/statistical_level_summary_of_pri_2#outgoing-737876,Statistical level summary of private rentals through tenancy deposit schemes,"
Information not held
",dominic humphrey,2018-02-16 13:43:16
https://www.whatdotheyknow.com/request/complaints_about_assessments_for#incoming-1112927,Complaints about assessments for Adult Social Care,"
Successful
",Boris Campbell,2018-02-15 16:08:28
https://www.whatdotheyknow.com/request/contact_details_for_all_city_and#incoming-565325,Contact details for all city and county councils within the UK,"
Refused
",Angela Garry,2014-09-24 18:16:03
https://www.whatdotheyknow.com/request/permitted_development_rights_con#incoming-1107336,Permitted development rights - conversion office to residential -,"
Successful
",Chris Hurrell,2018-02-05 14:17:24
https://www.whatdotheyknow.com/request/removal_of_named_officers_birmin#incoming-955242,Removal of named officers - Birmingham City Council,"
Information not held
",Claire Spencer,2017-03-21 16:42:46
https://www.whatdotheyknow.com/request/call_in_requests#incoming-1102054,Call-in Requests,"
Partially successful
",J A Giggins,2018-01-25 17:32:40
https://www.whatdotheyknow.com/request/documentation_on_request_to_call#incoming-1093759,"Documentation on request to call in West Berkshire planning application 16/03061/OUTMAJ -Land to the South of Priory Road, Hungerford.","
Partially successful
",J A Giggins,2018-01-10 10:10:37
https://www.whatdotheyknow.com/request/statistical_level_summary_of_pri#incoming-1103149,Statistical level summary of private rentals by local authority,"
Information not held
",dominic humphrey,2018-01-29 12:09:35
https://www.whatdotheyknow.com/request/replacement_of_only_or_main_resi#incoming-1102317,Replacement of only or main residence - additional stamp duty,"
Successful
",Brian Harrison,2018-01-26 11:43:51
https://www.whatdotheyknow.com/request/earls_court_exhibition_centre#incoming-523252,Earls Court Exhibition Centre,"
Waiting clarification
",Gerald Norris,2014-05-29 15:43:40
https://www.whatdotheyknow.com/request/energy_performance_certificates#incoming-862883,Energy Performance Certificates Spreadsheet,"
Refused
",Trenmead Ltd,2016-09-05 16:21:41
https://www.whatdotheyknow.com/request/water_sprinkler_correspondence_w#incoming-1097623,Water sprinkler correspondence with Wandsworth Borough Council,"
Successful
",Steve Fannon,2018-01-17 12:19:27
https://www.whatdotheyknow.com/request/epc_data#incoming-1098568,EPC data,"
Awaiting classification
",William Kennedy,2018-01-19 08:59:17
https://www.whatdotheyknow.com/request/communications_between_dclg_and#incoming-1097771,Communications between DCLG and Island Gas Ltd,"
Information not held
",Paul Beer,2018-01-17 14:53:00
https://www.whatdotheyknow.com/request/business_improvement_district_ba#incoming-1091447,Business Improvement District ballot results,"
Information not held
",Helen blamires,2018-01-04 16:59:01
https://www.whatdotheyknow.com/request/re_section_187_social_security_a#incoming-1092016,"RE:- Section 187 Social Security Administration Act 1992, £125-00 Costs Order for Liability Orders, and Statement of Case for the Opinion of the High Court for making the Liability Order.","
Partially successful
",Ismail Abdulhai Bhamjee,2018-01-05 18:30:51
https://www.whatdotheyknow.com/request/details_of_number_of_local_autho#comment-81828,Details of number of Local Authority or Housing Association buildings covered by large-scale tests,"
Refused
",Tim,2018-01-03 18:14:05
https://www.whatdotheyknow.com/request/appropriate_way_to_raise_concern_2#comment-81823,"Appropriate way to raise concerns about Chief Executive, Monitoring Officer and 151 Officer - MK II","
Partially successful
",fFaudwAtch UK (Account suspended),2018-01-03 08:37:18
https://www.whatdotheyknow.com/request/appropriate_way_to_raise_concern#incoming-842780,"Appropriate way to raise concerns about Chief Executive, Monitoring Officer and 151 Officer","
Long overdue
",fFaudwAtch UK (Account suspended),2016-07-22 14:46:04
https://www.whatdotheyknow.com/request/the_uk_governments_annual_respon#incoming-1089696,"The UK government's annual response to the European Commission's request for monitoring of progress towards Roma integration, 2013 - 2017","
Awaiting classification
",andy shallice,2017-12-29 13:38:57
https://www.whatdotheyknow.com/request/expenditure_on_homeless_personsh#incoming-1088569,Expenditure on Homeless persons/Homelessness Support & Prevention,"
Partially successful
",Barry Fitzpatrick,2017-12-22 12:12:26
https://www.whatdotheyknow.com/request/local_authority_dof_hrd_contact_2#incoming-1088237,Local Authority DOF & HRD Contact Information,"
Refused
",Mr J Taylor,2017-12-21 15:52:11
https://www.whatdotheyknow.com/request/freedom_of_information_act_reque_179#incoming-1088329,Freedom of Information Act request,"
Awaiting classification
",Michael Fryer,2017-12-21 18:19:53
https://www.whatdotheyknow.com/request/email_correspondence_between_sir#incoming-1086521,Email correspondence between Sir Eric Pickles & DCLG 13.06.17 - 12.07.17,"
Awaiting classification
",Mrs P. Riley,2017-12-19 10:11:41
https://www.whatdotheyknow.com/request/special_advisers_severance_packa_4#incoming-872631,Special advisers - severance packages,"
Successful
",CSW1,2016-09-23 15:26:48
https://www.whatdotheyknow.com/request/re_planning_permission_by_parlia#incoming-1083907,RE:- Planning Permission by Parliament and not the Local Authority Town and Country Planning (Use Classes) Order (As amended) SI 1995 no 297 and Watson V Winch {1916),"
Partially successful
",Ismail Abdulhai Bhamjee,2017-12-12 15:52:02
https://www.whatdotheyknow.com/request/data_request_borrowing_and_inves#incoming-1081800,Data Request Borrowing and Investment Live Table,"
Long overdue
",Armin Mertens,2017-12-07 15:35:26
https://www.whatdotheyknow.com/request/data_for_homelessness_change_pla#incoming-1075972,Data for Homelessness Change & Platform for Life funds,"
Information not held
",Anaïs Charles,2017-11-27 14:04:55
https://www.whatdotheyknow.com/request/runcorn_halton_cheshire_redundan#incoming-1080595,Runcorn Halton Cheshire redundant Court building,"
Successful
",James A Owen,2017-12-06 09:38:36
https://www.whatdotheyknow.com/request/correspondence_between_craig_whi#incoming-1081922,Correspondence between Craig Whittaker MP and DCLG on Calderdale Council's Local Plan,"
Awaiting classification
",James Baker,2017-12-07 17:17:17
https://www.whatdotheyknow.com/request/full_excel_lists_of_all_council_2#incoming-1077855,Full Excel lists of all Council / Authorities in the UK,"
Awaiting classification
",Dexter Fox,2017-11-30 11:37:13
https://www.whatdotheyknow.com/request/departments_response_to_the_reco#incoming-1072439,"Department's response to the recommendations of the ""Commission on Religion and Belief in British Public Life"" Report","
Partially successful
",R. D. Grillo,2017-11-20 12:53:01
https://www.whatdotheyknow.com/request/houses_owned#incoming-1074244,Houses owned,"
Awaiting classification
",anita hill,2017-11-22 17:03:34
https://www.whatdotheyknow.com/request/planning_application_communicati_2#incoming-1072411,Planning application communications request,"
Awaiting classification
",Hillary Taylor,2017-11-20 12:23:12
https://www.whatdotheyknow.com/request/correspondence_from_dft_in_relat#incoming-1072353,Correspondence from DfT in relation to the Neighbourhood Planning Act 2017,"
Awaiting classification
",James,2017-11-20 11:46:23
https://www.whatdotheyknow.com/request/homeless_data_for_greater_manche#incoming-1070193,Homeless data for Greater Manchester region,"
Awaiting classification
",C.Grady,2017-11-15 11:21:28
https://www.whatdotheyknow.com/request/re_homeless_persons_tenancy_agre,RE:-Homeless Persons Tenancy Agreement and Council Tax Liability Orders and High Court Judgment Macattram V Camden LBC [2012] EWHC 1033,"
Long overdue
",Ismail Abdulhai Bhamjee,2017-11-14 10:57:54
https://www.whatdotheyknow.com/request/responses_to_the_consultation_on_2#incoming-1069103,Responses to the consultation on further reform of the compulsory purchase system,"
Awaiting classification
",James,2017-11-13 17:34:42
https://www.whatdotheyknow.com/request/zero_carbon_homes_2016_task_forc#incoming-1062839,Zero Carbon Homes 2016 Task Force,"
Successful
",Duncan Edmondson,2017-11-02 13:19:16
https://www.whatdotheyknow.com/request/list_of_uk_councilslocal_authori#incoming-1062640,List of UK Councils/Local Authorities,"
Information not held
",Ms Sproson,2017-11-02 10:25:20
https://www.whatdotheyknow.com/request/workforce_management_revenue_3#incoming-1066777,Workforce Management & Revenue,"
Successful
",Sam Bude,2017-11-08 17:10:35
https://www.whatdotheyknow.com/request/nominations_from_your_department#incoming-1066940,Nominations from your department to the Cabinet office,"
Refused
",Mark,2017-11-09 09:22:14
https://www.whatdotheyknow.com/request/guidance_regulations_requiring_l#outgoing-703672,Guidance / Regulations requiring local authorities to publish agendas & minutes on the internet,"
Long overdue
",BillEllson,2017-11-01 10:30:19
https://www.whatdotheyknow.com/request/homelessness_statistics_manchest#incoming-667709,Homelessness Statistics (Manchester and Greater Manchester,"
Successful
",Robert,2015-06-19 16:02:21
https://www.whatdotheyknow.com/request/names_of_most_senior_officers_re#incoming-1054751,Names of most senior officers responsible for environmental issues in local authorities,"
Information not held
",E Marbach,2017-10-17 13:57:01
https://www.whatdotheyknow.com/request/roles_of_government_departments_5#incoming-1059137,Roles of Government Departments Involved in the Production of Studies on the Impact of Brexit,"
Partially successful
",Shaun Davey,2017-10-25 17:34:56
https://www.whatdotheyknow.com/request/how_many_planning_complaints#outgoing-701560,How many planning complaints,"
Withdrawn by the requester
",M Cumming,2017-10-25 16:33:43
https://www.whatdotheyknow.com/request/affordable_housing_london#incoming-1058608,Affordable Housing London,"
Awaiting classification
",David Bracken,2017-10-25 08:56:11
https://www.whatdotheyknow.com/request/temporary_payroll_3#incoming-1055634,Temporary Payroll,"
Successful
",A Thompson,2017-10-18 15:51:58
https://www.whatdotheyknow.com/request/sheffield_regional_development#incoming-1043454,Sheffield Regional Development,"
Partially successful
",Simeon Georgiev,2017-09-26 16:19:50
https://www.whatdotheyknow.com/request/copy_of_organisational_chart#incoming-977229,Copy of organisational chart,"
Refused
",Rachel Allen,2017-05-11 13:03:31
https://www.whatdotheyknow.com/request/full_excel_lists_of_all_council#comment-80688,Full Excel lists of all Council / Authorities in the UK.,"
Awaiting internal review
",Natalie Mitchell,2017-10-16 10:38:09
https://www.whatdotheyknow.com/request/re_1_homeless_reduction_act_2007#outgoing-697365,RE:- 1) Homeless Reduction Act 2007 2) Law Reform (Contributory Negligence) Act 2015 3) The General Permitted Development Order 2015,"
Awaiting internal review
",Ismail Abdulhai Bhamjee,2017-10-12 11:53:00
https://www.whatdotheyknow.com/request/letting_agents_and_managing_agen#incoming-1043102,Letting Agents and Managing Agents Administration Fees/Charges (HOUSING),"
Successful
",Rob Heale,2017-09-26 11:28:45
https://www.whatdotheyknow.com/request/newcastle_council_homeless_fund#incoming-1043140,Newcastle council homeless fund trial,"
Withdrawn by the requester
",Maria Nelson,2017-09-26 11:56:35
https://www.whatdotheyknow.com/request/controlling_migration_fund#incoming-1036745,Controlling Migration Fund,"
Information not held
",Lara ten Caten,2017-09-13 11:29:17
https://www.whatdotheyknow.com/request/identification_of_tower_blocks_a#outgoing-690803,Identification of Tower Blocks Affected by Fire Safety Concerns,"
Refused
",P. John,2017-09-23 08:49:10
https://www.whatdotheyknow.com/request/list_of_all_uk_local_authorities#incoming-1031592,"List of all UK local authorities, authority type, CEO (or equivalent) and email.","
Partially successful
",N. Jones,2017-09-04 15:02:45
https://www.whatdotheyknow.com/request/correspondence_between_tower_ham#incoming-927083,"Correspondence between Tower Hamlets Commissioners, DCLG and the Mayor of TH","
Long overdue
",Joe,2017-01-26 14:30:49
https://www.whatdotheyknow.com/request/reason_for_rejecting_skegness_to#incoming-1003726,Reason for rejecting Skegness Town Council's application for a grant for a community hub.,"
Successful
",Peter Michael Stephenson,2017-07-10 17:22:39
https://www.whatdotheyknow.com/request/request_for_two_documents_relati#incoming-1034761,Request for two documents relating to the rejection of an application by Skegness Town Council's for a grant for a community hub.,"
Successful
",Peter Michael Stephenson,2017-09-08 15:03:27
https://www.whatdotheyknow.com/request/london_borough_of_haringey_elect_2#incoming-1023904,London Borough of Haringey (Electoral Ward Changes) Order 2000,"
Partially successful
",Ms M Jennings,2017-08-16 16:18:35
https://www.whatdotheyknow.com/request/use_of_public_cloud_5#incoming-1034219,Use of Public Cloud,"
Awaiting classification
",Georgina Evans,2017-09-07 15:59:20
https://www.whatdotheyknow.com/request/starter_homes_2015_manifesto_ple#incoming-1033578,Starter homes 2015 manifesto pledge,"
Successful
",Paul C,2017-09-06 16:17:52
https://www.whatdotheyknow.com/request/kevin_foster_mp#incoming-1033638,Kevin Foster MP,"
Awaiting classification
",David Gregg,2017-09-06 17:17:33
https://www.whatdotheyknow.com/request/conflicts_of_interest_foia_13#incoming-1025126,Conflicts of interest: FOIA,"
Partially successful
",Lucas87,2017-08-18 16:37:29
https://www.whatdotheyknow.com/request/printing_137#incoming-1028004,Printing,"
Successful
",Mr R Ell,2017-08-25 14:25:21
https://www.whatdotheyknow.com/request/losses_and_special_payments_foia#incoming-1027752,Losses and special payments: FOIA,"
Partially successful
",Lucas87,2017-08-25 09:36:19
https://www.whatdotheyknow.com/request/local_plan_2033_neddc_allotment#incoming-1017961,Local Plan 2033 NEDDC allotment land being used as development site,"
Partially successful
",Helen Percival,2017-08-07 09:40:30
https://www.whatdotheyknow.com/request/2014_the_right_to_challenge_park#outgoing-679609,2014 : The right to challenge parking policies,"
Successful
",Slough Times  01753-511911,2017-08-18 18:30:02
https://www.whatdotheyknow.com/request/holiday_entitlement_for_special#incoming-1023293,Holiday Entitlement for Special Advisors (SpAd),"
Awaiting classification
",Sergio Esposito,2017-08-15 17:23:11
https://www.whatdotheyknow.com/request/domestic_energy_assessor#incoming-1022091,Domestic Energy Assessor,"
Awaiting classification
",Alex Hurst,2017-08-14 11:10:08
https://www.whatdotheyknow.com/request/bellwin_scheme_threshold_for_wir#incoming-1020378,Bellwin scheme threshold for Wirral Council (Wirral Metropolitan Borough of Wirral),"
Successful
",ScarletPimpernel,2017-08-10 08:13:42
https://www.whatdotheyknow.com/request/correspondence_between_dclg_and_3#incoming-1021029,"correspondence between DCLG and Wirral Council about Wirral Council newspaper ""Wirral View""","
Partially successful
",ScarletPimpernel,2017-08-10 17:32:03
https://www.whatdotheyknow.com/request/deatils_of_non_government_organi#incoming-749085,Deatils of non-government organisations that have been permitted access to Incident Recording System (IRS) Fire Data,"
Refused
",Dr James Glockling,2015-12-24 13:37:03
https://www.whatdotheyknow.com/request/how_many_commonhold_residential,How many commonhold residential developments have been recorded by Land Registry,"
Long overdue
",Georgina,2017-08-04 12:00:30
https://www.whatdotheyknow.com/request/charges_for_disposal_of_plasterb#outgoing-674344,Charges for disposal of plasterboard at HWRCs,"
Long overdue
",Mac Hampshire,2017-08-03 08:38:08
https://www.whatdotheyknow.com/request/wind_energy#incoming-1014182,Wind Energy,"
Information not held
",Thomas O'Neill,2017-07-31 09:47:09
https://www.whatdotheyknow.com/request/payments_to_the_daily_mail#incoming-894895,Payments to the Daily Mail,"
Waiting clarification
",Claire Butler,2016-11-14 15:39:37
https://www.whatdotheyknow.com/request/cladding_fire_tests_what_standar_2#outgoing-672821,Cladding fire tests: what standard?,"
Long overdue
",John Robertson,2017-07-29 19:44:37
https://www.whatdotheyknow.com/request/correspondence_with_buiding_rese#outgoing-672817,Correspondence with Buiding Research Establishment post Genfell Tower,"
Long overdue
",John Robertson,2017-07-29 19:39:44
https://www.whatdotheyknow.com/request/details_of_cladding_tests#comment-79316,Details of Cladding Tests,"
Awaiting classification
",Jonathan O'Neill,2017-07-28 23:59:06
https://www.whatdotheyknow.com/request/policing_anti_semitism#incoming-990581,Policing anti-Semitism,"
Information not held
",Ruke Matsui,2017-06-12 21:11:56
https://www.whatdotheyknow.com/request/housing_act_1996_c52_s193_7f_2,Housing Act 1996 (c.52) s.193 (7F),"
Long overdue
",Slough Times  01753-511911,2017-07-25 11:37:57
https://www.whatdotheyknow.com/request/sanctuary_scheme_statistics_for#incoming-780686,Sanctuary Scheme statistics for South Thanet,"
Information not held
",Adele Couchman,2016-03-10 18:23:15
https://www.whatdotheyknow.com/request/homelessness_in_southend_area,Homelessness in Southend Area,"
Long overdue
",Richard Scott,2017-07-19 19:34:48
https://www.whatdotheyknow.com/request/contingent_labour_one_call_off_c_2#incoming-1008122,Contingent Labour ONE call off contracts,"
Successful
",Alan Jones,2017-07-18 15:54:52
https://www.whatdotheyknow.com/request/social_housing_39#incoming-1003257,Social housing,"
Information not held
",Atisha Ghosh,2017-07-10 10:55:58
https://www.whatdotheyknow.com/request/opex_and_capex_software_spend_in#incoming-995230,Opex and Capex software spend in Local Authorities in UK,"
Information not held
",David Archer,2017-06-21 15:11:26
https://www.whatdotheyknow.com/request/information_asset_register_foia_2#incoming-995621,information asset register: FOIA,"
Partially successful
",Lucas87,2017-06-22 13:15:33
https://www.whatdotheyknow.com/request/funding_34#incoming-962045,Funding,"
Successful
",Bryan,2017-04-05 16:34:04
https://www.whatdotheyknow.com/request/appliance_fire_call_outs#incoming-997236,Appliance fire call outs,"
Long overdue
",Pam Cohen,2017-06-26 15:49:44
https://www.whatdotheyknow.com/request/it_and_finance_systems_4#incoming-983867,IT and Finance systems,"
Successful
",Andy Gilbert,2017-05-25 14:44:45
https://www.whatdotheyknow.com/request/discussions_with_british_parking#comment-78565,Discussions with British Parking Association re Railway Byelaws,"
Refused
",R Bostock,2017-06-21 14:10:10
https://www.whatdotheyknow.com/request/cost_of_care_homes#incoming-413565,Cost of Care Homes,"
Information not held
",C Murton,2013-07-29 10:55:49
https://www.whatdotheyknow.com/request/west_berkshires_request_to_take#comment-78516,West Berkshire's request to take the place of Liverpool in the Big Society pilot scheme,"
Partially successful
",J A Giggins,2017-06-19 07:55:15
https://www.whatdotheyknow.com/request/council_tax_statutory_demands_an_3#incoming-849343,Council tax statutory demands and bankruptcy petitions,"
Long overdue
",paul grant,2016-08-08 07:47:56
https://www.whatdotheyknow.com/request/transfer_of_housing_stock_from_c_3#incoming-763188,Transfer of Housing Stock from Coventry City Council to Whitefriars' Housing (1999/2000),"
Partially successful
",CCCBS,2016-02-04 10:09:29
https://www.whatdotheyknow.com/request/alleged_misrepresentingfalsyfyin#incoming-990176,"Alleged Misrepresenting/falsyfying Information in Planning Appeal Application, any penalties?","
Awaiting classification
",Sue,2017-06-12 10:58:59
https://www.whatdotheyknow.com/request/revenue_outturn_statistics#incoming-909872,Revenue outturn statistics,"
Partially successful
",Atisha Ghosh,2016-12-15 11:41:33
https://www.whatdotheyknow.com/request/prevent_programme_34#incoming-645975,Prevent Programme,"
Refused
",Bethany Haworth,2015-04-27 15:08:30
https://www.whatdotheyknow.com/request/ertbid#incoming-927761,ERTBID,"
Partially successful
",David Gregg,2017-01-27 15:08:18
https://www.whatdotheyknow.com/request/bid_question#incoming-987828,BID Question,"
Awaiting classification
",David Gregg,2017-06-06 09:48:24
https://www.whatdotheyknow.com/request/spend_on_nrpf_families_across_lo#incoming-771870,Spend on NRPF families across London Boroughs,"
Information not held
",P McKeown,2016-02-23 11:29:32
https://www.whatdotheyknow.com/request/government_department_financial_3#incoming-983859,Government Department Financial Efficiencies,"
Successful
",Mr J Taylor,2017-05-25 14:37:57
https://www.whatdotheyknow.com/request/summary_information_on_community#outgoing-653144,Summary information on Community Right to Challenge,"
Information not held
",James Evans,2017-05-26 10:43:10
https://www.whatdotheyknow.com/request/council_bankrutpcy_policy#comment-78107,Council - Bankrutpcy Policy,"
Partially successful
",ivanataylor,2017-05-20 18:45:46
https://www.whatdotheyknow.com/request/challenging_transport_assessment,Challenging Transport Assessments in Appeal hearings.,"
Long overdue
",rob shepherd,2017-05-19 09:48:07
https://www.whatdotheyknow.com/request/permitted_development_offices_to#incoming-974424,Permitted Development Offices to Housing: New Units completed in London and Office Floorspace Lost,"
Successful
",Michael Bach,2017-05-05 11:11:14
https://www.whatdotheyknow.com/request/cuts_to_cornish_language_funding#comment-77956,Cuts to Cornish language funding,"
Refused
",M Bimmler,2017-05-09 14:50:23
https://www.whatdotheyknow.com/request/which_organisations_and_authorit#incoming-974132,Which organisations and authorities have been granted Communities fund 2016/2017,"
Partially successful
",Alan J Mackay,2017-05-04 15:16:37
https://www.whatdotheyknow.com/request/eia_screening_direction_for_grea#incoming-974446,"EIA screening direction for Greater Norwich Food Enterprise Zone, Broadland District Council","
Partially successful
",Andrew Boswell,2017-05-05 11:38:32
https://www.whatdotheyknow.com/request/schemes_of_delegated_authority_a,Schemes of Delegated Authority and the requisites on Disposal of POS Public Open Spaces,"
Long overdue
",Colin Duke,2017-05-03 09:02:52
https://www.whatdotheyknow.com/request/troubled_families_and_learning_d#incoming-525398,Troubled Families and Learning Disability,"
Partially successful
",I R McIntosh,2014-06-04 14:17:30
https://www.whatdotheyknow.com/request/prevent_duties_and_internet_filt_2#incoming-971749,Prevent duties and Internet filtering,"
Partially successful
",Jim Killock,2017-04-27 15:55:24
https://www.whatdotheyknow.com/request/private_health_insurance_6#incoming-353716,Private Health Insurance,"
Successful
",Neil Jones,2013-01-25 13:55:53
https://www.whatdotheyknow.com/request/tell_mamafaith_matters_funding#incoming-779802,TELL MAMA/Faith Matters Funding,"
Successful
",Alan Smith,2016-03-09 14:48:17
https://www.whatdotheyknow.com/request/request_for_greenbelt_developmen#incoming-760733,Request for greenbelt development statistics,"
Waiting clarification
",Chris Baines,2016-01-29 15:19:07
https://www.whatdotheyknow.com/request/housing_policy_on_existing_secur#incoming-771987,Housing policy on existing secure tenants,"
Successful
",James,2016-02-23 13:18:30
https://www.whatdotheyknow.com/request/consultation_undertaken_with_dep#incoming-968295,Consultation undertaken with Department for Education regarding Birmingham City Council CEO,"
Awaiting classification
",Claire Spencer,2017-04-20 16:10:18
https://www.whatdotheyknow.com/request/enquire_into_statsmethod_behind#incoming-961855,"Enquire into stats/method behind ""10% boost in housebuilding figure"" in a press release","
Successful
",David King,2017-04-05 13:45:10
https://www.whatdotheyknow.com/request/freedom_of_information_officers_6#incoming-695147,Freedom of information officers,"
Information not held
",Michael Sargood,2015-08-19 10:27:28
https://www.whatdotheyknow.com/request/surrey_county_council_communicat#incoming-949962,Surrey County Council Communications,"
Successful
",Greg Dash,2017-03-09 18:21:26
https://www.whatdotheyknow.com/request/councils_insolvency_services_all#incoming-965630,"Councils, Insolvency Services all working together originally put in on 24 May 2016","
Awaiting classification
",Mrs. S Metcalfe,2017-04-13 11:54:43
https://www.whatdotheyknow.com/request/lambeth_estate_regeneration#incoming-963511,Lambeth Estate Regeneration,"
Partially successful
",Gerlinde Gniewosz,2017-04-10 10:15:05
https://www.whatdotheyknow.com/request/copy_of_inspector_report_to_sos#incoming-962866,Copy of Inspector Report to SoS....,"
Refused
",John Garner,2017-04-07 11:09:15
https://www.whatdotheyknow.com/request/enforcement_of_section_10_of_the#comment-77467,Enforcement of Section 10 of the Local Government and Housing Act 1989,"
Information not held
",John Coyne,2017-04-10 12:33:21
https://www.whatdotheyknow.com/request/how_many_projects_did_the_custom#incoming-963630,how many projects did the Custom Build Investment Fund / Custom Build Serviced Plot Fund actually fund,"
Awaiting classification
",Duncan Hayes,2017-04-10 11:45:20
https://www.whatdotheyknow.com/request/asset_transfers_2011_16#incoming-963560,Asset Transfers 2011-16,"
Awaiting classification
",Katrina Foxton,2017-04-10 11:00:39
https://www.whatdotheyknow.com/request/guidelines_for_ministerial_corre#incoming-960647,Guidelines for ministerial correspondence issued to correspondence staff in the Department for Communities and Local Government,"
Successful
",Matt Johnson,2017-04-03 13:16:26
https://www.whatdotheyknow.com/request/documents_relating_to_the_establ,Documents relating to the establishment of Estate Management Boards (housing) & how they were funded,"
Long overdue
",Bill Pearson,2017-04-07 10:36:45
https://www.whatdotheyknow.com/request/biggest_councils_in_england_by_b#incoming-962464,"Biggest councils in England, by budget","
Awaiting classification
",Ruth O'Connell,2017-04-06 14:17:55
https://www.whatdotheyknow.com/request/advice_from_birmingham_independe#incoming-962333,Advice from Birmingham Independent Improvement Panel to Birmingham City Council,"
Awaiting classification
",Claire Spencer,2017-04-06 11:47:49
https://www.whatdotheyknow.com/request/feedback_on_the_section_24_landl#incoming-960718,Feedback on the Section 24 (Landlord Tax),"
Awaiting classification
",karen gibbs,2017-04-03 14:18:24
https://www.whatdotheyknow.com/request/duplication_of_erdf_funding_for#incoming-518788,Duplication of ERDF funding for start up support in Bris,"
Successful
",Catherine Courte,2014-05-20 10:14:27
https://www.whatdotheyknow.com/request/south_west_erdf_superfast_broadb#incoming-518789,South West - ERDF Superfast Broadband Business Support outputs to date,"
Successful
",Catherine Courte,2014-05-20 10:15:05
https://www.whatdotheyknow.com/request/economic_benefits_and_related_co#incoming-960377,Economic Benefits and related costs Enterprise Zones,"
Awaiting classification
",Alistair Levack,2017-04-03 08:57:26
https://www.whatdotheyknow.com/request/correspondence_between_dclg_and_2#incoming-957513,correspondence between DCLG and Harrogate Borough Council concerning the dis-application of the Stray Act in 2017,"
Successful
",Christine Joan Wray,2017-03-27 14:05:28
https://www.whatdotheyknow.com/request/information_about_the_organisati_420#incoming-943049,Information about the  organisations information technology team and infrastructure equipment,"
Successful
",Julie Hatchard,2017-02-24 12:16:36
https://www.whatdotheyknow.com/request/please_can_i_have_a_organisation_147#incoming-943559,"Please can I have a organisation structure of all IT, Procurement, Finance and HR services within your organisation, including team name, phone number and team managers name?","
Successful
",Bhav Parmar,2017-02-27 09:02:26
https://www.whatdotheyknow.com/request/funding_application_from_sunderl#incoming-955071,"Funding application from Sunderland City Council, South Tynesdie council re Homeless Reduction Fund","
Successful
",ralph inchester,2017-03-21 14:47:33
https://www.whatdotheyknow.com/request/full_list_and_gis_shapefile_for#incoming-955334,Full list and GIS shapefile for Conservation Areas (England),"
Information not held
",Leo Hall,2017-03-22 08:25:03
https://www.whatdotheyknow.com/request/memo_of_understanding#incoming-954233,Memo of understanding,"
Successful
",Lee Jefferson,2017-03-20 14:39:13
https://www.whatdotheyknow.com/request/libraries_data_set#incoming-952341,Libraries data set,"
Information not held
",Ian Clark,2017-03-15 13:19:31
https://www.whatdotheyknow.com/request/freedom_of_information_request_d_18#incoming-909076,Freedom of Information Request Data,"
Partially successful
",Frederick Wesley,2016-12-14 09:51:23
https://www.whatdotheyknow.com/request/terms_of_reference_for_fixed_ter#incoming-942795,Terms of Reference for fixed-term tenancies working group,"
Partially successful
",Billy Harding,2017-02-24 08:16:58
https://www.whatdotheyknow.com/request/surrey_county_council_referendum#incoming-949959,Surrey County Council referendum,"
Successful
",Andrew Middleton,2017-03-09 18:03:59
https://www.whatdotheyknow.com/request/hope_not_hate_full_funding_outli#incoming-946953,Hope Not Hate - Full Funding Outline,"
Successful
",Stephen Green,2017-03-03 14:55:59
https://www.whatdotheyknow.com/request/housing_stock_transfer_from_lond#comment-76752,Housing Stock Transfer from London Borough of Tower Hamlets to Eastend Homes,"
Partially successful
",Georgia Reynolds,2017-03-07 10:10:24
https://www.whatdotheyknow.com/request/government_support_grant_for_lan#incoming-943235,Government Support Grant for Lancashire County Council.,"
Partially successful
",Alan Sutcliffe,2017-02-24 15:09:32
https://www.whatdotheyknow.com/request/council_legal_services_supportin#incoming-930315,Council Legal Services supporting private legal work,"
Refused
",Northwich Guardians (Account suspended),2017-02-01 13:59:37
https://www.whatdotheyknow.com/request/kingsway_business_park_gonw5408e#incoming-945647,Kingsway Business Park GONW5408EUR,"
Information not held
",nigel hobro,2017-03-01 15:27:35
https://www.whatdotheyknow.com/request/information_regarding_unitary_co#outgoing-629592,Information regarding unitary council proposals,"
Successful
",Owen Lewis,2017-03-03 10:50:18
https://www.whatdotheyknow.com/request/impact_of_summer_budget_2015_on#incoming-940504,Impact of Summer Budget 2015 on landlords,"
Information not held
",D Heal,2017-02-20 15:23:14
https://www.whatdotheyknow.com/request/details_on_lgps_pension_fund_poo#incoming-931172,Details on LGPS Pension Fund Pooling,"
Successful
",Joel M Benjamin,2017-02-02 14:47:50
https://www.whatdotheyknow.com/request/selective_licensing_2#incoming-930673,Selective Licensing,"
Partially successful
",Callum Bruce,2017-02-02 08:12:37
https://www.whatdotheyknow.com/request/information_relating_to_a_s78_re#incoming-930676,Information relating to a S78 recovery of planning appeal ref APP/R1038/W/15/3133527,"
Partially successful
",hbiddle,2017-02-02 08:17:39
https://www.whatdotheyknow.com/request/pay_scales_for_analytical_profes_18#incoming-930689,Pay scales for Analytical Professions,"
Successful
",Jen Dalestone,2017-02-02 08:46:28
https://www.whatdotheyknow.com/request/cpfig_expenses_2#incoming-931069,CPFIG Expenses,"
Successful
",Jonathan Allison,2017-02-02 13:42:23
https://www.whatdotheyknow.com/request/gonw5408eur#incoming-912429,GONW5408EUR,"
Successful
",nigel hobro,2016-12-21 09:51:28
https://www.whatdotheyknow.com/request/funding_of_hope_not_hate_2#outgoing-618627,Funding of Hope Not Hate,"
Awaiting internal review
",Stephen Green,2017-01-30 14:33:41
https://www.whatdotheyknow.com/request/contemporaneous_legislation_coun_2#outgoing-617833,Contemporaneous legislation - Council Tax,"
Information not held
",Adamna,2017-01-27 16:17:48
https://www.whatdotheyknow.com/request/extending_lgo_remit_consultation#incoming-922457,Extending LGO remit - Consultation responses.,"
Information not held
",paul howe,2017-01-17 16:40:51
https://www.whatdotheyknow.com/request/neighbourhood_planning_list_of_d#incoming-924209,Neighbourhood Planning - List of Designated Neighbourhood Forums,"
Refused
",Richard Taylor,2017-01-20 13:32:13
https://www.whatdotheyknow.com/request/re_self_employed_persons_who_inc#incoming-923086,RE:- Self-Employed Persons who incurs Loss Housing Benefit Claims and Case of Magyar Helenski Bizottsag V Germany 8th November 2016 Breach of Article 10 of the Convention Treaties,"
Refused
",Ismail Abdulhai Bhamjee,2017-01-18 16:31:23
https://www.whatdotheyknow.com/request/ertbid_appeal_question#incoming-922953,ERTBID Appeal question,"
Awaiting classification
",David Gregg,2017-01-18 15:01:53
https://www.whatdotheyknow.com/request/re_draft_local_authorities_funct#outgoing-614035,RE: Draft Local Authorities (Functions and Responsibilities) (England) Regulations 2015 January 2015 Statutory Instrument Number,"
Long overdue
",Ismail Abdulhai Bhamjee,2017-01-17 06:59:46
https://www.whatdotheyknow.com/request/how_many_homeless_people_have_di#incoming-918719,How many homeless people have died in 2016?,"
Long overdue
",Trudy Baddams,2017-01-10 12:05:24
https://www.whatdotheyknow.com/request/merseyside_special_investment_li_2#incoming-912435,Merseyside special investment Limited and New Concept Gaming Limited,"
Successful
",nigel hobro,2016-12-21 09:55:52
https://www.whatdotheyknow.com/request/ownership_of_buy_to_let_mortgage#incoming-864651,Ownership of 'Buy to Let' mortgage investment property whilst awaiting offer of social housing,"
Partially successful
",Mr. F. Miah,2016-09-08 16:14:54
https://www.whatdotheyknow.com/request/funding_for_womens_refuges_since#incoming-743475,Funding for Women's Refuges Since 2010,"
Partially successful
",Joanna Turner,2015-12-09 13:26:27
https://www.whatdotheyknow.com/request/how_many_homes#incoming-893055,How many homes?,"
Long overdue
",Trudy Baddams,2016-11-09 13:08:38
https://www.whatdotheyknow.com/request/monitoring_of_spending_by_nalc_o#comment-75187,Monitoring of spending by NALC on the implementation of the Transparency Code,"
Successful
",Philip Spencer,2016-12-23 16:23:53
https://www.whatdotheyknow.com/request/local_authority_private_prosecut#incoming-912458,Local Authority Private Prosecutions - Staff - officers - elected members,"
Information not held
",Northwich Guardians (Account suspended),2016-12-21 10:19:56
https://www.whatdotheyknow.com/request/targeting_of_right_to_buy_mailsh#incoming-909265,Targeting of Right to Buy mailshot,"
Partially successful
",Jon Foster,2016-12-14 12:36:31
https://www.whatdotheyknow.com/request/regional_house_completion_rates#incoming-910190,Regional house completion rates table - raw data,"
Awaiting classification
",Chris Baines,2016-12-15 16:44:02
https://www.whatdotheyknow.com/request/empty_homes_and_commercial_prope#incoming-910124,Empty homes and commercial property in Norfolk,"
Awaiting classification
",Warren Salmons,2016-12-15 15:43:48
https://www.whatdotheyknow.com/request/exeter_spend_on_drug_use#incoming-909895,Exeter spend on drug use,"
Awaiting classification
",Natalie Griffiths,2016-12-15 11:53:16
https://www.whatdotheyknow.com/request/call_in_statistics#incoming-909807,Call in Statistics,"
Awaiting classification
",sally furminger,2016-12-15 10:48:44
https://www.whatdotheyknow.com/request/local_authority_officer_and_elec#incoming-909688,Local Authority officer and elected members Insurance Indemnities,"
Awaiting classification
",Zelda Davies,2016-12-15 09:14:57
https://www.whatdotheyknow.com/request/locations_and_numbers_of_phone_b_2#incoming-894269,Locations and numbers of phone boxes in the UK,"
Information not held
",Hashim,2016-11-11 16:51:58
https://www.whatdotheyknow.com/request/clarification_of_administrative#outgoing-603080,Clarification of Administrative Proces,"
Long overdue
",Pat James (Account suspended),2016-12-03 00:26:51
https://www.whatdotheyknow.com/request/section_17_support#incoming-902766,Section 17 support,"
Information not held
",Becca Martin,2016-11-30 09:44:14
https://www.whatdotheyknow.com/request/trading_standards_display_of_bus#incoming-900285,Trading Standards : Display of Business Names,"
Awaiting classification
",Open-Gov,2016-11-24 09:39:31
https://www.whatdotheyknow.com/request/uk_citizens_and_non_uk_citizens_4#incoming-894564,UK citizens and non UK citizens working for the department,"
Information not held
",J Taylor,2016-11-14 11:05:34
https://www.whatdotheyknow.com/request/roof_extension_extending_from_re#incoming-893873,Roof extension extending from  rear roof onto flat roof of a slightly lower original rear projection,"
Information not held
",Mark Craimer,2016-11-11 08:19:47
https://www.whatdotheyknow.com/request/budget_and_spend_statistics_for#incoming-894287,Budget and spend statistics for UK councils,"
Successful
",David Archer,2016-11-11 17:53:30
https://www.whatdotheyknow.com/request/copy_of_consultation_response_4#incoming-883043,Copy of Consultation response,"
Successful
",Belinda Coles,2016-10-17 13:38:50
https://www.whatdotheyknow.com/request/local_authority_definition_7#incoming-819591,Local Authority - definition,"
Long overdue
",Eddie Fry,2016-06-01 11:31:51
https://www.whatdotheyknow.com/request/east_anglia_devolution_re_your_r#incoming-857403,East Anglia devolution Re your ref 2228810,"
Partially successful
",Antony Carpen,2016-08-23 13:15:11
https://www.whatdotheyknow.com/request/new_town_hall_tower_hamlets#incoming-883644,New Town Hall Tower Hamlets,"
Partially successful
",Jamie Jameson,2016-10-18 13:09:16
https://www.whatdotheyknow.com/request/giaa_internal_audit_report_on_bu#incoming-885376,GIAA Internal Audit report on Business Support Project Operating in the North West Region,"
Refused
",ScarletPimpernel,2016-10-21 11:39:54
https://www.whatdotheyknow.com/request/legallawful_obligations_of_local#incoming-876463,Legal/Lawful Obligations of Local Authorities,"
Refused
",Pat James (Account suspended),2016-10-03 14:25:22
https://www.whatdotheyknow.com/request/social_housing_34#incoming-867163,Social housing,"
Successful
",John Anderson,2016-09-13 14:53:52
https://www.whatdotheyknow.com/request/yorbuild2_contractors_framework#incoming-809769,YorBuild2 Contractors Framework Agreement,"
Successful
",Sue Dockerty,2016-05-10 11:41:54
https://www.whatdotheyknow.com/request/who_is_responsible_for_certifyin#incoming-870130,"Who is responsible for certifying the  installation of electronic door entry sytems, which includes the laying of sheets of metal over existing doorsteps","
Successful
",maxine mcgill,2016-09-19 17:46:48
https://www.whatdotheyknow.com/request/what_is_a_non_commercial_propert_2#incoming-871890,What is a Non Commercial Property,"
Refused
",George Tsigarides,2016-09-22 12:28:42
https://www.whatdotheyknow.com/request/green_flag_awards_information_on#incoming-859533,Green Flag Awards  - Information on Hastings Parks,"
Information not held
",Chris Hurrell,2016-08-26 12:36:22
https://www.whatdotheyknow.com/request/new_qe2_welwyn_garden_city_housi#incoming-869221,New QE2 welwyn Garden City housing,"
Awaiting classification
",Richard Lee,2016-09-16 15:17:58
https://www.whatdotheyknow.com/request/ecorys_evaluation_report_on_the#incoming-865364,ECORYS evaluation report on the Troubled Families Programme,"
Refused
",Rebecca Carter Dillon,2016-09-09 15:41:06
https://www.whatdotheyknow.com/request/dlo_list_uk#outgoing-578517,DLO list (UK),"
Awaiting internal review
",Tom Strachan,2016-09-13 07:49:11
https://www.whatdotheyknow.com/request/green_energy_11#incoming-865561,Green Energy,"
Partially successful
",Jonathan Mantle,2016-09-12 07:26:38
https://www.whatdotheyknow.com/request/local_planning_rejections_inappr#incoming-862881,Local Planning Rejections - Inappropriate Green Belt Reviews,"
Long overdue
",Emily,2016-09-05 16:17:42
https://www.whatdotheyknow.com/request/coastal_revival_fund_south_parad#comment-72199,"Coastal Revival Fund - South Parade Pier, Southsea","
Information not held
",Jenny McNaughton,2016-09-08 22:45:03
https://www.whatdotheyknow.com/request/organisation_guaranteed_to_at_le_2#incoming-862892,Organisation guaranteed to at least double the injustice (plans to abolish),"
Partially successful
",fFaudwAtch UK (Account suspended),2016-09-05 16:30:49
https://www.whatdotheyknow.com/request/reports_from_the_evaluation_of_t#incoming-863013,Reports from the evaluation of the Troubled Families programme,"
Refused
",Michael Richards,2016-09-06 09:05:24
https://www.whatdotheyknow.com/request/national_impact_study_of_trouble,National Impact Study of Troubled Families Programme,"
Long overdue
",Ilona Burton,2016-08-31 12:28:58
https://www.whatdotheyknow.com/request/troubled_families_programme_paym,Troubled Families Programme Payments,"
Long overdue
",Ilona Burton,2016-08-31 12:25:28
https://www.whatdotheyknow.com/request/council_tax_an_unjust_law_is_a_c#incoming-853153,Council Tax - An unjust law is a code that is out of harmony with the moral law,"
Awaiting internal review
",Mrs. S Metcalfe,2016-08-15 14:11:03
https://www.whatdotheyknow.com/request/council_tax_enforcement_policy_a#incoming-847017,Council Tax enforcement Policy - are they required to have one ?,"
Awaiting internal review
",Mrs. S Metcalfe,2016-08-01 16:36:58
https://www.whatdotheyknow.com/request/single_departmental_plan_4#incoming-838260,Single Departmental Plan,"
Refused
",Matt Foster,2016-07-13 15:18:57
https://www.whatdotheyknow.com/request/guidence_for_council_tax_evaders#incoming-855664,Guidence for Council Tax Evaders,"
Successful
",Jonathan Mantle,2016-08-19 14:35:02
https://www.whatdotheyknow.com/request/whistleblower_policy_4#incoming-855639,Whistleblower Policy,"
Successful
",Jonathan Mantle,2016-08-19 14:09:00
https://www.whatdotheyknow.com/request/do_the_building_regulations_act#incoming-773470,Do the Building Regulations Act 2010 apply to ALL components of  electronic door entry systems,"
Awaiting internal review
",maxine mcgill,2016-02-25 15:49:18
https://www.whatdotheyknow.com/request/does_the_department_for_communit#outgoing-570563,Does the department for communities and local goverment investigate housing ombudsman?,"
Awaiting internal review
",maxine mcgill,2016-08-17 12:33:49
https://www.whatdotheyknow.com/request/council_tax_demand_notice#incoming-852213,Council Tax Demand Notice,"
Awaiting internal review
",Pat James (Account suspended),2016-08-12 11:31:35
https://www.whatdotheyknow.com/request/national_evaluation_of_the_troub#incoming-847652,National evaluation of the Troubled Families programme,"
Information not held
",matt ford,2016-08-02 16:22:55
https://www.whatdotheyknow.com/request/deployment_of_the_civil_servant#incoming-850776,Deployment of the Civil Servant,"
Long overdue
",Pat James (Account suspended),2016-08-10 11:09:05
https://www.whatdotheyknow.com/request/long_term_sick_due_to_stress_3#incoming-849940,Long term sick due to stress,"
Successful
",Jonathan Mantle,2016-08-08 16:48:27
https://www.whatdotheyknow.com/request/ripa_guidlines#incoming-848279,RIPA guidlines,"
Information not held
",Jonathan Mantle,2016-08-03 18:42:21
https://www.whatdotheyknow.com/request/council_tax_and_the_petition_of#incoming-848389,Council Tax and the Petition of Right,"
Refused
",Pat James (Account suspended),2016-08-04 09:55:45
